file,line,type,commit,author,date,time,timezone,datetime,depth,length
style.css,1,css,a36591ed,Anwesha Mohanty,2026-04-17,20:32:17,-07:00,2026-04-17T20:32:17-07:00,0,4
style.css,2,css,a36591ed,Anwesha Mohanty,2026-04-17,20:32:17,-07:00,2026-04-17T20:32:17-07:00,1,23
style.css,3,css,e928eefb,Anwesha Mohanty,2026-04-24,23:54:34,-07:00,2026-04-24T23:54:34-07:00,1,32
style.css,4,css,e928eefb,Anwesha Mohanty,2026-04-24,23:54:34,-07:00,2026-04-24T23:54:34-07:00,0,0
style.css,5,css,e928eefb,Anwesha Mohanty,2026-04-24,23:54:34,-07:00,2026-04-24T23:54:34-07:00,0,0
style.css,6,css,e928eefb,Anwesha Mohanty,2026-04-24,23:54:34,-07:00,2026-04-24T23:54:34-07:00,0,5
style.css,7,css,e928eefb,Anwesha Mohanty,2026-04-24,23:54:34,-07:00,2026-04-24T23:54:34-07:00,1,31
style.css,8,css,e928eefb,Anwesha Mohanty,2026-04-24,23:54:34,-07:00,2026-04-24T23:54:34-07:00,0,0
style.css,9,css,e928eefb,Anwesha Mohanty,2026-04-24,23:54:34,-07:00,2026-04-24T23:54:34-07:00,0,0
style.css,10,css,e928eefb,Anwesha Mohanty,2026-04-24,23:54:34,-07:00,2026-04-24T23:54:34-07:00,0,8
style.css,11,css,e928eefb,Anwesha Mohanty,2026-04-24,23:54:34,-07:00,2026-04-24T23:54:34-07:00,0,4
style.css,12,css,e928eefb,Anwesha Mohanty,2026-04-24,23:54:34,-07:00,2026-04-24T23:54:34-07:00,1,23
style.css,13,css,e928eefb,Anwesha Mohanty,2026-04-24,23:54:34,-07:00,2026-04-24T23:54:34-07:00,1,14
style.css,14,css,e928eefb,Anwesha Mohanty,2026-04-24,23:54:34,-07:00,2026-04-24T23:54:34-07:00,1,12
style.css,15,css,e928eefb,Anwesha Mohanty,2026-04-24,23:54:34,-07:00,2026-04-24T23:54:34-07:00,1,41
style.css,16,css,a36591ed,Anwesha Mohanty,2026-04-17,20:32:17,-07:00,2026-04-17T20:32:17-07:00,0,0
style.css,17,css,a36591ed,Anwesha Mohanty,2026-04-17,20:32:17,-07:00,2026-04-17T20:32:17-07:00,0,0
style.css,18,css,e928eefb,Anwesha Mohanty,2026-04-24,23:54:34,-07:00,2026-04-24T23:54:34-07:00,0,13
style.css,19,css,5178a8c9,Anwesha Mohanty,2026-04-17,21:34:22,-07:00,2026-04-17T21:34:22-07:00,0,5
style.css,20,css,5178a8c9,Anwesha Mohanty,2026-04-17,21:34:22,-07:00,2026-04-17T21:34:22-07:00,1,12
style.css,21,css,5178a8c9,Anwesha Mohanty,2026-04-17,21:34:22,-07:00,2026-04-17T21:34:22-07:00,1,21
style.css,22,css,5178a8c9,Anwesha Mohanty,2026-04-17,21:34:22,-07:00,2026-04-17T21:34:22-07:00,1,18
style.css,23,css,5178a8c9,Anwesha Mohanty,2026-04-17,21:34:22,-07:00,2026-04-17T21:34:22-07:00,1,17
style.css,24,css,5178a8c9,Anwesha Mohanty,2026-04-17,21:34:22,-07:00,2026-04-17T21:34:22-07:00,1,15
style.css,25,css,5178a8c9,Anwesha Mohanty,2026-04-17,21:34:22,-07:00,2026-04-17T21:34:22-07:00,0,0
style.css,26,css,5178a8c9,Anwesha Mohanty,2026-04-17,21:34:22,-07:00,2026-04-17T21:34:22-07:00,0,0
style.css,27,css,5178a8c9,Anwesha Mohanty,2026-04-17,21:34:22,-07:00,2026-04-17T21:34:22-07:00,0,9
style.css,28,css,5178a8c9,Anwesha Mohanty,2026-04-17,21:34:22,-07:00,2026-04-17T21:34:22-07:00,1,17
style.css,29,css,5178a8c9,Anwesha Mohanty,2026-04-17,21:34:22,-07:00,2026-04-17T21:34:22-07:00,1,18
style.css,30,css,5178a8c9,Anwesha Mohanty,2026-04-17,21:34:22,-07:00,2026-04-17T21:34:22-07:00,0,0
style.css,31,css,a36591ed,Anwesha Mohanty,2026-04-17,20:32:17,-07:00,2026-04-17T20:32:17-07:00,0,0
style.css,32,css,e928eefb,Anwesha Mohanty,2026-04-24,23:54:34,-07:00,2026-04-24T23:54:34-07:00,0,7
style.css,33,css,240f1f13,Anwesha Mohanty,2026-04-10,23:19:05,-07:00,2026-04-10T23:19:05-07:00,0,3
style.css,34,css,240f1f13,Anwesha Mohanty,2026-04-10,23:19:05,-07:00,2026-04-10T23:19:05-07:00,1,12
style.css,35,css,e928eefb,Anwesha Mohanty,2026-04-24,23:54:34,-07:00,2026-04-24T23:54:34-07:00,1,17
style.css,36,css,e928eefb,Anwesha Mohanty,2026-04-24,23:54:34,-07:00,2026-04-24T23:54:34-07:00,1,48
style.css,37,css,240f1f13,Anwesha Mohanty,2026-04-10,23:19:05,-07:00,2026-04-10T23:19:05-07:00,0,0
style.css,38,css,240f1f13,Anwesha Mohanty,2026-04-10,23:19:05,-07:00,2026-04-10T23:19:05-07:00,0,0
style.css,39,css,240f1f13,Anwesha Mohanty,2026-04-10,23:19:05,-07:00,2026-04-10T23:19:05-07:00,0,5
style.css,40,css,240f1f13,Anwesha Mohanty,2026-04-10,23:19:05,-07:00,2026-04-10T23:19:05-07:00,1,6
style.css,41,css,240f1f13,Anwesha Mohanty,2026-04-10,23:19:05,-07:00,2026-04-10T23:19:05-07:00,1,20
style.css,42,css,240f1f13,Anwesha Mohanty,2026-04-10,23:19:05,-07:00,2026-04-10T23:19:05-07:00,1,13
style.css,43,css,240f1f13,Anwesha Mohanty,2026-04-10,23:19:05,-07:00,2026-04-10T23:19:05-07:00,1,17
style.css,44,css,e928eefb,Anwesha Mohanty,2026-04-24,23:54:34,-07:00,2026-04-24T23:54:34-07:00,1,13
style.css,45,css,e928eefb,Anwesha Mohanty,2026-04-24,23:54:34,-07:00,2026-04-24T23:54:34-07:00,1,37
style.css,46,css,240f1f13,Anwesha Mohanty,2026-04-10,23:19:05,-07:00,2026-04-10T23:19:05-07:00,0,0
style.css,47,css,624d904d,Anwesha Mohanty,2026-04-10,23:30:24,-07:00,2026-04-10T23:30:24-07:00,0,0
style.css,48,css,624d904d,Anwesha Mohanty,2026-04-10,23:30:24,-07:00,2026-04-10T23:30:24-07:00,0,13
style.css,49,css,a36591ed,Anwesha Mohanty,2026-04-17,20:32:17,-07:00,2026-04-17T20:32:17-07:00,1,50
style.css,50,css,624d904d,Anwesha Mohanty,2026-04-10,23:30:24,-07:00,2026-04-10T23:30:24-07:00,1,20
style.css,51,css,f435599f,Anwesha Mohanty,2026-04-11,16:19:37,-07:00,2026-04-11T16:19:37-07:00,0,0
style.css,52,css,f435599f,Anwesha Mohanty,2026-04-11,16:19:37,-07:00,2026-04-11T16:19:37-07:00,0,0
style.css,53,css,f435599f,Anwesha Mohanty,2026-04-11,16:19:37,-07:00,2026-04-11T16:19:37-07:00,0,11
style.css,54,css,f435599f,Anwesha Mohanty,2026-04-11,16:19:37,-07:00,2026-04-11T16:19:37-07:00,1,39
style.css,55,css,e928eefb,Anwesha Mohanty,2026-04-24,23:54:34,-07:00,2026-04-24T23:54:34-07:00,1,69
style.css,56,css,f435599f,Anwesha Mohanty,2026-04-11,16:19:37,-07:00,2026-04-11T16:19:37-07:00,0,0
style.css,57,css,f435599f,Anwesha Mohanty,2026-04-11,16:19:37,-07:00,2026-04-11T16:19:37-07:00,0,0
style.css,58,css,e928eefb,Anwesha Mohanty,2026-04-24,23:54:34,-07:00,2026-04-24T23:54:34-07:00,0,11
style.css,59,css,e928eefb,Anwesha Mohanty,2026-04-24,23:54:34,-07:00,2026-04-24T23:54:34-07:00,0,6
style.css,60,css,e928eefb,Anwesha Mohanty,2026-04-24,23:54:34,-07:00,2026-04-24T23:54:34-07:00,1,36
style.css,61,css,e928eefb,Anwesha Mohanty,2026-04-24,23:54:34,-07:00,2026-04-24T23:54:34-07:00,1,11
style.css,62,css,e928eefb,Anwesha Mohanty,2026-04-24,23:54:34,-07:00,2026-04-24T23:54:34-07:00,1,11
style.css,63,css,e928eefb,Anwesha Mohanty,2026-04-24,23:54:34,-07:00,2026-04-24T23:54:34-07:00,1,17
style.css,64,css,e928eefb,Anwesha Mohanty,2026-04-24,23:54:34,-07:00,2026-04-24T23:54:34-07:00,1,17
style.css,65,css,e928eefb,Anwesha Mohanty,2026-04-24,23:54:34,-07:00,2026-04-24T23:54:34-07:00,1,14
style.css,66,css,e928eefb,Anwesha Mohanty,2026-04-24,23:54:34,-07:00,2026-04-24T23:54:34-07:00,0,0
style.css,67,css,e928eefb,Anwesha Mohanty,2026-04-24,23:54:34,-07:00,2026-04-24T23:54:34-07:00,0,0
style.css,68,css,e928eefb,Anwesha Mohanty,2026-04-24,23:54:34,-07:00,2026-04-24T23:54:34-07:00,0,12
style.css,69,css,e928eefb,Anwesha Mohanty,2026-04-24,23:54:34,-07:00,2026-04-24T23:54:34-07:00,1,68
style.css,70,css,e928eefb,Anwesha Mohanty,2026-04-24,23:54:34,-07:00,2026-04-24T23:54:34-07:00,0,0
style.css,71,css,e928eefb,Anwesha Mohanty,2026-04-24,23:54:34,-07:00,2026-04-24T23:54:34-07:00,0,0
style.css,72,css,e928eefb,Anwesha Mohanty,2026-04-24,23:54:34,-07:00,2026-04-24T23:54:34-07:00,0,9
style.css,73,css,f435599f,Anwesha Mohanty,2026-04-11,16:19:37,-07:00,2026-04-11T16:19:37-07:00,0,4
style.css,74,css,f435599f,Anwesha Mohanty,2026-04-11,16:19:37,-07:00,2026-04-11T16:19:37-07:00,0,7
style.css,75,css,1d2160e7,Anwesha Mohanty,2026-04-17,20:38:55,-07:00,2026-04-17T20:38:55-07:00,0,5
style.css,76,css,1d2160e7,Anwesha Mohanty,2026-04-17,20:38:55,-07:00,2026-04-17T20:38:55-07:00,0,6
style.css,77,css,f435599f,Anwesha Mohanty,2026-04-11,16:19:37,-07:00,2026-04-11T16:19:37-07:00,1,12
style.css,78,css,f435599f,Anwesha Mohanty,2026-04-11,16:19:37,-07:00,2026-04-11T16:19:37-07:00,0,0
style.css,79,css,f435599f,Anwesha Mohanty,2026-04-11,16:19:37,-07:00,2026-04-11T16:19:37-07:00,0,0
style.css,80,css,f435599f,Anwesha Mohanty,2026-04-11,16:19:37,-07:00,2026-04-11T16:19:37-07:00,0,4
style.css,81,css,f435599f,Anwesha Mohanty,2026-04-11,16:19:37,-07:00,2026-04-11T16:19:37-07:00,1,12
style.css,82,css,f435599f,Anwesha Mohanty,2026-04-11,16:19:37,-07:00,2026-04-11T16:19:37-07:00,1,30
style.css,83,css,f435599f,Anwesha Mohanty,2026-04-11,16:19:37,-07:00,2026-04-11T16:19:37-07:00,1,7
style.css,84,css,f435599f,Anwesha Mohanty,2026-04-11,16:19:37,-07:00,2026-04-11T16:19:37-07:00,0,0
style.css,85,css,f435599f,Anwesha Mohanty,2026-04-11,16:19:37,-07:00,2026-04-11T16:19:37-07:00,0,0
style.css,86,css,f435599f,Anwesha Mohanty,2026-04-11,16:19:37,-07:00,2026-04-11T16:19:37-07:00,0,5
style.css,87,css,f435599f,Anwesha Mohanty,2026-04-11,16:19:37,-07:00,2026-04-11T16:19:37-07:00,1,12
style.css,88,css,f435599f,Anwesha Mohanty,2026-04-11,16:19:37,-07:00,2026-04-11T16:19:37-07:00,1,29
style.css,89,css,f435599f,Anwesha Mohanty,2026-04-11,16:19:37,-07:00,2026-04-11T16:19:37-07:00,1,18
style.css,90,css,f435599f,Anwesha Mohanty,2026-04-11,16:19:37,-07:00,2026-04-11T16:19:37-07:00,0,0
style.css,91,css,f435599f,Anwesha Mohanty,2026-04-11,16:19:37,-07:00,2026-04-11T16:19:37-07:00,0,0
style.css,92,css,f435599f,Anwesha Mohanty,2026-04-11,16:19:37,-07:00,2026-04-11T16:19:37-07:00,0,6
style.css,93,css,f435599f,Anwesha Mohanty,2026-04-11,16:19:37,-07:00,2026-04-11T16:19:37-07:00,1,18
style.css,94,css,624d904d,Anwesha Mohanty,2026-04-10,23:30:24,-07:00,2026-04-10T23:30:24-07:00,0,0
style.css,95,css,aca5bd5a,Anwesha Mohanty,2026-04-11,17:02:01,-07:00,2026-04-11T17:02:01-07:00,0,0
style.css,96,css,e928eefb,Anwesha Mohanty,2026-04-24,23:54:34,-07:00,2026-04-24T23:54:34-07:00,0,12
style.css,97,css,aca5bd5a,Anwesha Mohanty,2026-04-11,17:02:01,-07:00,2026-04-11T17:02:01-07:00,0,22
style.css,98,css,aca5bd5a,Anwesha Mohanty,2026-04-11,17:02:01,-07:00,2026-04-11T17:02:01-07:00,1,15
style.css,99,css,aca5bd5a,Anwesha Mohanty,2026-04-11,17:02:01,-07:00,2026-04-11T17:02:01-07:00,1,17
style.css,100,css,aca5bd5a,Anwesha Mohanty,2026-04-11,17:02:01,-07:00,2026-04-11T17:02:01-07:00,0,0
style.css,101,css,aca5bd5a,Anwesha Mohanty,2026-04-11,17:02:01,-07:00,2026-04-11T17:02:01-07:00,0,0
style.css,102,css,aca5bd5a,Anwesha Mohanty,2026-04-11,17:02:01,-07:00,2026-04-11T17:02:01-07:00,0,2
style.css,103,css,aca5bd5a,Anwesha Mohanty,2026-04-11,17:02:01,-07:00,2026-04-11T17:02:01-07:00,1,14
style.css,104,css,aca5bd5a,Anwesha Mohanty,2026-04-11,17:02:01,-07:00,2026-04-11T17:02:01-07:00,0,0
style.css,105,css,dca305e7,Anwesha Mohanty,2026-04-11,17:19:11,-07:00,2026-04-11T17:19:11-07:00,0,0
style.css,106,css,e928eefb,Anwesha Mohanty,2026-04-24,23:54:34,-07:00,2026-04-24T23:54:34-07:00,0,10
style.css,107,css,dca305e7,Anwesha Mohanty,2026-04-11,17:19:11,-07:00,2026-04-11T17:19:11-07:00,0,15
style.css,108,css,dca305e7,Anwesha Mohanty,2026-04-11,17:19:11,-07:00,2026-04-11T17:19:11-07:00,1,18
style.css,109,css,dca305e7,Anwesha Mohanty,2026-04-11,17:19:11,-07:00,2026-04-11T17:19:11-07:00,0,0
style.css,110,css,dca305e7,Anwesha Mohanty,2026-04-11,17:19:11,-07:00,2026-04-11T17:19:11-07:00,0,0
style.css,111,css,dca305e7,Anwesha Mohanty,2026-04-11,17:19:11,-07:00,2026-04-11T17:19:11-07:00,0,17
style.css,112,css,dca305e7,Anwesha Mohanty,2026-04-11,17:19:11,-07:00,2026-04-11T17:19:11-07:00,1,14
style.css,113,css,dca305e7,Anwesha Mohanty,2026-04-11,17:19:11,-07:00,2026-04-11T17:19:11-07:00,0,0
style.css,114,css,dca305e7,Anwesha Mohanty,2026-04-11,17:19:11,-07:00,2026-04-11T17:19:11-07:00,0,0
style.css,115,css,dca305e7,Anwesha Mohanty,2026-04-11,17:19:11,-07:00,2026-04-11T17:19:11-07:00,0,7
style.css,116,css,dca305e7,Anwesha Mohanty,2026-04-11,17:19:11,-07:00,2026-04-11T17:19:11-07:00,1,17
style.css,117,css,e928eefb,Anwesha Mohanty,2026-04-24,23:54:34,-07:00,2026-04-24T23:54:34-07:00,1,17
style.css,118,css,e928eefb,Anwesha Mohanty,2026-04-24,23:54:34,-07:00,2026-04-24T23:54:34-07:00,1,12
style.css,119,css,e928eefb,Anwesha Mohanty,2026-04-24,23:54:34,-07:00,2026-04-24T23:54:34-07:00,1,18
style.css,120,css,e928eefb,Anwesha Mohanty,2026-04-24,23:54:34,-07:00,2026-04-24T23:54:34-07:00,1,18
style.css,121,css,e928eefb,Anwesha Mohanty,2026-04-24,23:54:34,-07:00,2026-04-24T23:54:34-07:00,1,38
style.css,122,css,dca305e7,Anwesha Mohanty,2026-04-11,17:19:11,-07:00,2026-04-11T17:19:11-07:00,0,0
style.css,123,css,dca305e7,Anwesha Mohanty,2026-04-11,17:19:11,-07:00,2026-04-11T17:19:11-07:00,0,0
style.css,124,css,dca305e7,Anwesha Mohanty,2026-04-11,17:19:11,-07:00,2026-04-11T17:19:11-07:00,0,10
style.css,125,css,dca305e7,Anwesha Mohanty,2026-04-11,17:19:11,-07:00,2026-04-11T17:19:11-07:00,1,43
style.css,126,css,dca305e7,Anwesha Mohanty,2026-04-11,17:19:11,-07:00,2026-04-11T17:19:11-07:00,1,21
style.css,127,css,dca305e7,Anwesha Mohanty,2026-04-11,17:19:11,-07:00,2026-04-11T17:19:11-07:00,1,20
style.css,128,css,dca305e7,Anwesha Mohanty,2026-04-11,17:19:11,-07:00,2026-04-11T17:19:11-07:00,1,15
style.css,129,css,dca305e7,Anwesha Mohanty,2026-04-11,17:19:11,-07:00,2026-04-11T17:19:11-07:00,0,0
style.css,130,css,dca305e7,Anwesha Mohanty,2026-04-11,17:19:11,-07:00,2026-04-11T17:19:11-07:00,0,0
style.css,131,css,dca305e7,Anwesha Mohanty,2026-04-11,17:19:11,-07:00,2026-04-11T17:19:11-07:00,0,7
style.css,132,css,dca305e7,Anwesha Mohanty,2026-04-11,17:19:11,-07:00,2026-04-11T17:19:11-07:00,1,19
style.css,133,css,dca305e7,Anwesha Mohanty,2026-04-11,17:19:11,-07:00,2026-04-11T17:19:11-07:00,0,0
style.css,134,css,dca305e7,Anwesha Mohanty,2026-04-11,17:19:11,-07:00,2026-04-11T17:19:11-07:00,0,0
style.css,135,css,dca305e7,Anwesha Mohanty,2026-04-11,17:19:11,-07:00,2026-04-11T17:19:11-07:00,0,10
style.css,136,css,dca305e7,Anwesha Mohanty,2026-04-11,17:19:11,-07:00,2026-04-11T17:19:11-07:00,1,8
style.css,137,css,dca305e7,Anwesha Mohanty,2026-04-11,17:19:11,-07:00,2026-04-11T17:19:11-07:00,1,15
style.css,138,css,dca305e7,Anwesha Mohanty,2026-04-11,17:19:11,-07:00,2026-04-11T17:19:11-07:00,0,0
style.css,139,css,dca305e7,Anwesha Mohanty,2026-04-11,17:19:11,-07:00,2026-04-11T17:19:11-07:00,0,0
style.css,140,css,e928eefb,Anwesha Mohanty,2026-04-24,23:54:34,-07:00,2026-04-24T23:54:34-07:00,0,13
style.css,141,css,e928eefb,Anwesha Mohanty,2026-04-24,23:54:34,-07:00,2026-04-24T23:54:34-07:00,1,69
style.css,142,css,e928eefb,Anwesha Mohanty,2026-04-24,23:54:34,-07:00,2026-04-24T23:54:34-07:00,1,12
style.css,143,css,e928eefb,Anwesha Mohanty,2026-04-24,23:54:34,-07:00,2026-04-24T23:54:34-07:00,1,17
style.css,144,css,e928eefb,Anwesha Mohanty,2026-04-24,23:54:34,-07:00,2026-04-24T23:54:34-07:00,1,24
style.css,145,css,e928eefb,Anwesha Mohanty,2026-04-24,23:54:34,-07:00,2026-04-24T23:54:34-07:00,0,0
style.css,146,css,e928eefb,Anwesha Mohanty,2026-04-24,23:54:34,-07:00,2026-04-24T23:54:34-07:00,0,0
style.css,147,css,dca305e7,Anwesha Mohanty,2026-04-11,17:19:11,-07:00,2026-04-11T17:19:11-07:00,0,4
style.css,148,css,dca305e7,Anwesha Mohanty,2026-04-11,17:19:11,-07:00,2026-04-11T17:19:11-07:00,1,13
style.css,149,css,dca305e7,Anwesha Mohanty,2026-04-11,17:19:11,-07:00,2026-04-11T17:19:11-07:00,1,10
style.css,150,css,dca305e7,Anwesha Mohanty,2026-04-11,17:19:11,-07:00,2026-04-11T17:19:11-07:00,1,17
style.css,151,css,dca305e7,Anwesha Mohanty,2026-04-11,17:19:11,-07:00,2026-04-11T17:19:11-07:00,1,23
style.css,152,css,dca305e7,Anwesha Mohanty,2026-04-11,17:19:11,-07:00,2026-04-11T17:19:11-07:00,0,0
style.css,153,css,dca305e7,Anwesha Mohanty,2026-04-11,17:19:11,-07:00,2026-04-11T17:19:11-07:00,0,0
style.css,154,css,dca305e7,Anwesha Mohanty,2026-04-11,17:19:11,-07:00,2026-04-11T17:19:11-07:00,0,2
style.css,155,css,dca305e7,Anwesha Mohanty,2026-04-11,17:19:11,-07:00,2026-04-11T17:19:11-07:00,1,18
style.css,156,css,dca305e7,Anwesha Mohanty,2026-04-11,17:19:11,-07:00,2026-04-11T17:19:11-07:00,1,19
style.css,157,css,dca305e7,Anwesha Mohanty,2026-04-11,17:19:11,-07:00,2026-04-11T17:19:11-07:00,0,0
style.css,158,css,dca305e7,Anwesha Mohanty,2026-04-11,17:19:11,-07:00,2026-04-11T17:19:11-07:00,0,0
style.css,159,css,dca305e7,Anwesha Mohanty,2026-04-11,17:19:11,-07:00,2026-04-11T17:19:11-07:00,0,2
style.css,160,css,dca305e7,Anwesha Mohanty,2026-04-11,17:19:11,-07:00,2026-04-11T17:19:11-07:00,1,20
style.css,161,css,dca305e7,Anwesha Mohanty,2026-04-11,17:19:11,-07:00,2026-04-11T17:19:11-07:00,0,0
style.css,162,css,dca305e7,Anwesha Mohanty,2026-04-11,17:19:11,-07:00,2026-04-11T17:19:11-07:00,0,0
style.css,163,css,dca305e7,Anwesha Mohanty,2026-04-11,17:19:11,-07:00,2026-04-11T17:19:11-07:00,0,9
style.css,164,css,dca305e7,Anwesha Mohanty,2026-04-11,17:19:11,-07:00,2026-04-11T17:19:11-07:00,1,15
style.css,165,css,dca305e7,Anwesha Mohanty,2026-04-11,17:19:11,-07:00,2026-04-11T17:19:11-07:00,0,0
style.css,166,css,b8af6c16,Anwesha Mohanty,2026-04-11,21:07:40,-07:00,2026-04-11T21:07:40-07:00,0,0
style.css,167,css,b8af6c16,Anwesha Mohanty,2026-04-11,21:07:40,-07:00,2026-04-11T21:07:40-07:00,0,17
style.css,168,css,b8af6c16,Anwesha Mohanty,2026-04-11,21:07:40,-07:00,2026-04-11T21:07:40-07:00,1,13
style.css,169,css,b8af6c16,Anwesha Mohanty,2026-04-11,21:07:40,-07:00,2026-04-11T21:07:40-07:00,1,25
style.css,170,css,b8af6c16,Anwesha Mohanty,2026-04-11,21:07:40,-07:00,2026-04-11T21:07:40-07:00,0,0
style.css,171,css,f0997930,Anwesha Mohanty,2026-04-11,23:30:05,-07:00,2026-04-11T23:30:05-07:00,0,0
style.css,172,css,e928eefb,Anwesha Mohanty,2026-04-24,23:54:34,-07:00,2026-04-24T23:54:34-07:00,0,23
style.css,173,css,1d2160e7,Anwesha Mohanty,2026-04-17,20:38:55,-07:00,2026-04-17T20:38:55-07:00,0,13
style.css,174,css,1d2160e7,Anwesha Mohanty,2026-04-17,20:38:55,-07:00,2026-04-17T20:38:55-07:00,1,17
style.css,175,css,1d2160e7,Anwesha Mohanty,2026-04-17,20:38:55,-07:00,2026-04-17T20:38:55-07:00,1,8
style.css,176,css,1d2160e7,Anwesha Mohanty,2026-04-17,20:38:55,-07:00,2026-04-17T20:38:55-07:00,1,10
style.css,177,css,1d2160e7,Anwesha Mohanty,2026-04-17,20:38:55,-07:00,2026-04-17T20:38:55-07:00,1,13
style.css,178,css,1d2160e7,Anwesha Mohanty,2026-04-17,20:38:55,-07:00,2026-04-17T20:38:55-07:00,0,0
style.css,179,css,4235db16,Anwesha Mohanty,2026-04-24,22:48:13,-07:00,2026-04-24T22:48:13-07:00,0,0
style.css,180,css,e928eefb,Anwesha Mohanty,2026-04-24,23:54:34,-07:00,2026-04-24T23:54:34-07:00,0,16
style.css,181,css,4235db16,Anwesha Mohanty,2026-04-24,22:48:13,-07:00,2026-04-24T22:48:13-07:00,0,17
style.css,182,css,4235db16,Anwesha Mohanty,2026-04-24,22:48:13,-07:00,2026-04-24T22:48:13-07:00,1,12
style.css,183,css,4235db16,Anwesha Mohanty,2026-04-24,22:48:13,-07:00,2026-04-24T22:48:13-07:00,1,36
style.css,184,css,4235db16,Anwesha Mohanty,2026-04-24,22:48:13,-07:00,2026-04-24T22:48:13-07:00,1,8
style.css,185,css,4235db16,Anwesha Mohanty,2026-04-24,22:48:13,-07:00,2026-04-24T22:48:13-07:00,0,0
style.css,186,css,4235db16,Anwesha Mohanty,2026-04-24,22:48:13,-07:00,2026-04-24T22:48:13-07:00,0,0
style.css,187,css,4235db16,Anwesha Mohanty,2026-04-24,22:48:13,-07:00,2026-04-24T22:48:13-07:00,0,17
style.css,188,css,4235db16,Anwesha Mohanty,2026-04-24,22:48:13,-07:00,2026-04-24T22:48:13-07:00,1,10
style.css,189,css,4235db16,Anwesha Mohanty,2026-04-24,22:48:13,-07:00,2026-04-24T22:48:13-07:00,1,16
style.css,190,css,4235db16,Anwesha Mohanty,2026-04-24,22:48:13,-07:00,2026-04-24T22:48:13-07:00,0,0
style.css,191,css,4235db16,Anwesha Mohanty,2026-04-24,22:48:13,-07:00,2026-04-24T22:48:13-07:00,0,0
style.css,192,css,4235db16,Anwesha Mohanty,2026-04-24,22:48:13,-07:00,2026-04-24T22:48:13-07:00,0,17
style.css,193,css,4235db16,Anwesha Mohanty,2026-04-24,22:48:13,-07:00,2026-04-24T22:48:13-07:00,1,10
style.css,194,css,4235db16,Anwesha Mohanty,2026-04-24,22:48:13,-07:00,2026-04-24T22:48:13-07:00,1,8
style.css,195,css,4235db16,Anwesha Mohanty,2026-04-24,22:48:13,-07:00,2026-04-24T22:48:13-07:00,0,0
style.css,196,css,e928eefb,Anwesha Mohanty,2026-04-24,23:54:34,-07:00,2026-04-24T23:54:34-07:00,0,0
style.css,197,css,e928eefb,Anwesha Mohanty,2026-04-24,23:54:34,-07:00,2026-04-24T23:54:34-07:00,0,29
style.css,198,css,e928eefb,Anwesha Mohanty,2026-04-24,23:54:34,-07:00,2026-04-24T23:54:34-07:00,0,26
style.css,199,css,e928eefb,Anwesha Mohanty,2026-04-24,23:54:34,-07:00,2026-04-24T23:54:34-07:00,0,29
style.css,200,css,e928eefb,Anwesha Mohanty,2026-04-24,23:54:34,-07:00,2026-04-24T23:54:34-07:00,0,0
style.css,201,css,e928eefb,Anwesha Mohanty,2026-04-24,23:54:34,-07:00,2026-04-24T23:54:34-07:00,0,9
style.css,202,css,e928eefb,Anwesha Mohanty,2026-04-24,23:54:34,-07:00,2026-04-24T23:54:34-07:00,1,12
style.css,203,css,e928eefb,Anwesha Mohanty,2026-04-24,23:54:34,-07:00,2026-04-24T23:54:34-07:00,1,58
style.css,204,css,e928eefb,Anwesha Mohanty,2026-04-24,23:54:34,-07:00,2026-04-24T23:54:34-07:00,1,8
style.css,205,css,e928eefb,Anwesha Mohanty,2026-04-24,23:54:34,-07:00,2026-04-24T23:54:34-07:00,0,0
style.css,206,css,e928eefb,Anwesha Mohanty,2026-04-24,23:54:34,-07:00,2026-04-24T23:54:34-07:00,0,0
style.css,207,css,e928eefb,Anwesha Mohanty,2026-04-24,23:54:34,-07:00,2026-04-24T23:54:34-07:00,0,17
style.css,208,css,e928eefb,Anwesha Mohanty,2026-04-24,23:54:34,-07:00,2026-04-24T23:54:34-07:00,1,12
style.css,209,css,e928eefb,Anwesha Mohanty,2026-04-24,23:54:34,-07:00,2026-04-24T23:54:34-07:00,1,21
style.css,210,css,e928eefb,Anwesha Mohanty,2026-04-24,23:54:34,-07:00,2026-04-24T23:54:34-07:00,1,11
style.css,211,css,f7f6d2bc,Anwesha Mohanty,2026-05-01,15:51:21,-07:00,2026-05-01T15:51:21-07:00,1,58
style.css,212,css,e928eefb,Anwesha Mohanty,2026-04-24,23:54:34,-07:00,2026-04-24T23:54:34-07:00,1,12
style.css,213,css,e928eefb,Anwesha Mohanty,2026-04-24,23:54:34,-07:00,2026-04-24T23:54:34-07:00,1,18
style.css,214,css,e928eefb,Anwesha Mohanty,2026-04-24,23:54:34,-07:00,2026-04-24T23:54:34-07:00,0,0
style.css,215,css,e928eefb,Anwesha Mohanty,2026-04-24,23:54:34,-07:00,2026-04-24T23:54:34-07:00,0,0
style.css,216,css,e928eefb,Anwesha Mohanty,2026-04-24,23:54:34,-07:00,2026-04-24T23:54:34-07:00,0,12
style.css,217,css,e928eefb,Anwesha Mohanty,2026-04-24,23:54:34,-07:00,2026-04-24T23:54:34-07:00,1,8
style.css,218,css,e928eefb,Anwesha Mohanty,2026-04-24,23:54:34,-07:00,2026-04-24T23:54:34-07:00,0,0
style.css,219,css,e928eefb,Anwesha Mohanty,2026-04-24,23:54:34,-07:00,2026-04-24T23:54:34-07:00,0,0
style.css,220,css,849b5900,Anwesha Mohanty,2026-04-24,23:52:01,-07:00,2026-04-24T23:52:01-07:00,0,13
style.css,221,css,849b5900,Anwesha Mohanty,2026-04-24,23:52:01,-07:00,2026-04-24T23:52:01-07:00,1,10
style.css,222,css,849b5900,Anwesha Mohanty,2026-04-24,23:52:01,-07:00,2026-04-24T23:52:01-07:00,1,12
style.css,223,css,849b5900,Anwesha Mohanty,2026-04-24,23:52:01,-07:00,2026-04-24T23:52:01-07:00,1,16
style.css,224,css,849b5900,Anwesha Mohanty,2026-04-24,23:52:01,-07:00,2026-04-24T23:52:01-07:00,1,17
style.css,225,css,849b5900,Anwesha Mohanty,2026-04-24,23:52:01,-07:00,2026-04-24T23:52:01-07:00,0,0
style.css,226,css,e928eefb,Anwesha Mohanty,2026-04-24,23:54:34,-07:00,2026-04-24T23:54:34-07:00,0,0
style.css,227,css,e928eefb,Anwesha Mohanty,2026-04-24,23:54:34,-07:00,2026-04-24T23:54:34-07:00,0,11
style.css,228,css,e928eefb,Anwesha Mohanty,2026-04-24,23:54:34,-07:00,2026-04-24T23:54:34-07:00,1,8
style.css,229,css,e928eefb,Anwesha Mohanty,2026-04-24,23:54:34,-07:00,2026-04-24T23:54:34-07:00,1,24
style.css,230,css,e928eefb,Anwesha Mohanty,2026-04-24,23:54:34,-07:00,2026-04-24T23:54:34-07:00,0,0
style.css,231,css,e928eefb,Anwesha Mohanty,2026-04-24,23:54:34,-07:00,2026-04-24T23:54:34-07:00,0,0
style.css,232,css,e928eefb,Anwesha Mohanty,2026-04-24,23:54:34,-07:00,2026-04-24T23:54:34-07:00,0,19
style.css,233,css,e928eefb,Anwesha Mohanty,2026-04-24,23:54:34,-07:00,2026-04-24T23:54:34-07:00,1,14
style.css,234,css,e928eefb,Anwesha Mohanty,2026-04-24,23:54:34,-07:00,2026-04-24T23:54:34-07:00,0,0
style.css,235,css,981b024e,Anwesha Mohanty,2026-05-01,13:43:51,-07:00,2026-05-01T13:43:51-07:00,0,0
style.css,236,css,981b024e,Anwesha Mohanty,2026-05-01,13:43:51,-07:00,2026-05-01T13:43:51-07:00,0,13
style.css,237,css,981b024e,Anwesha Mohanty,2026-05-01,13:43:51,-07:00,2026-05-01T13:43:51-07:00,1,30
style.css,238,css,981b024e,Anwesha Mohanty,2026-05-01,13:43:51,-07:00,2026-05-01T13:43:51-07:00,1,34
style.css,239,css,981b024e,Anwesha Mohanty,2026-05-01,13:43:51,-07:00,2026-05-01T13:43:51-07:00,1,17
style.css,240,css,981b024e,Anwesha Mohanty,2026-05-01,13:43:51,-07:00,2026-05-01T13:43:51-07:00,1,10
style.css,241,css,981b024e,Anwesha Mohanty,2026-05-01,13:43:51,-07:00,2026-05-01T13:43:51-07:00,0,0
style.css,242,css,4e320919,Anwesha Mohanty,2026-05-01,13:46:44,-07:00,2026-05-01T13:46:44-07:00,0,0
style.css,243,css,4e320919,Anwesha Mohanty,2026-05-01,13:46:44,-07:00,2026-05-01T13:46:44-07:00,0,18
style.css,244,css,4e320919,Anwesha Mohanty,2026-05-01,13:46:44,-07:00,2026-05-01T13:46:44-07:00,1,14
style.css,245,css,4e320919,Anwesha Mohanty,2026-05-01,13:46:44,-07:00,2026-05-01T13:46:44-07:00,1,16
style.css,246,css,4e320919,Anwesha Mohanty,2026-05-01,13:46:44,-07:00,2026-05-01T13:46:44-07:00,1,16
style.css,247,css,4e320919,Anwesha Mohanty,2026-05-01,13:46:44,-07:00,2026-05-01T13:46:44-07:00,0,0
style.css,248,css,ed195849,Anwesha Mohanty,2026-05-01,14:45:18,-07:00,2026-05-01T14:45:18-07:00,0,0
style.css,249,css,09a09bd4,Anwesha Mohanty,2026-05-01,15:29:39,-07:00,2026-05-01T15:29:39-07:00,0,10
style.css,250,css,09a09bd4,Anwesha Mohanty,2026-05-01,15:29:39,-07:00,2026-05-01T15:29:39-07:00,1,12
style.css,251,css,09a09bd4,Anwesha Mohanty,2026-05-01,15:29:39,-07:00,2026-05-01T15:29:39-07:00,1,18
style.css,252,css,09a09bd4,Anwesha Mohanty,2026-05-01,15:29:39,-07:00,2026-05-01T15:29:39-07:00,1,7
style.css,253,css,09a09bd4,Anwesha Mohanty,2026-05-01,15:29:39,-07:00,2026-05-01T15:29:39-07:00,0,0
style.css,254,css,09a09bd4,Anwesha Mohanty,2026-05-01,15:29:39,-07:00,2026-05-01T15:29:39-07:00,0,0
style.css,255,css,ed195849,Anwesha Mohanty,2026-05-01,14:45:18,-07:00,2026-05-01T14:45:18-07:00,0,7
style.css,256,css,09a09bd4,Anwesha Mohanty,2026-05-01,15:29:39,-07:00,2026-05-01T15:29:39-07:00,1,6
style.css,257,css,ed195849,Anwesha Mohanty,2026-05-01,14:45:18,-07:00,2026-05-01T14:45:18-07:00,1,12
style.css,258,css,ed195849,Anwesha Mohanty,2026-05-01,14:45:18,-07:00,2026-05-01T14:45:18-07:00,1,57
style.css,259,css,ed195849,Anwesha Mohanty,2026-05-01,14:45:18,-07:00,2026-05-01T14:45:18-07:00,1,15
style.css,260,css,ed195849,Anwesha Mohanty,2026-05-01,14:45:18,-07:00,2026-05-01T14:45:18-07:00,1,13
style.css,261,css,09a09bd4,Anwesha Mohanty,2026-05-01,15:29:39,-07:00,2026-05-01T15:29:39-07:00,1,8
style.css,262,css,ed195849,Anwesha Mohanty,2026-05-01,14:45:18,-07:00,2026-05-01T14:45:18-07:00,1,21
style.css,263,css,ed195849,Anwesha Mohanty,2026-05-01,14:45:18,-07:00,2026-05-01T14:45:18-07:00,1,9
style.css,264,css,ed195849,Anwesha Mohanty,2026-05-01,14:45:18,-07:00,2026-05-01T14:45:18-07:00,0,0
style.css,265,css,ed195849,Anwesha Mohanty,2026-05-01,14:45:18,-07:00,2026-05-01T14:45:18-07:00,0,0
style.css,266,css,ed195849,Anwesha Mohanty,2026-05-01,14:45:18,-07:00,2026-05-01T14:45:18-07:00,0,12
style.css,267,css,ed195849,Anwesha Mohanty,2026-05-01,14:45:18,-07:00,2026-05-01T14:45:18-07:00,1,12
style.css,268,css,ed195849,Anwesha Mohanty,2026-05-01,14:45:18,-07:00,2026-05-01T14:45:18-07:00,1,18
style.css,269,css,ed195849,Anwesha Mohanty,2026-05-01,14:45:18,-07:00,2026-05-01T14:45:18-07:00,1,9
style.css,270,css,ed195849,Anwesha Mohanty,2026-05-01,14:45:18,-07:00,2026-05-01T14:45:18-07:00,0,0
style.css,271,css,ed195849,Anwesha Mohanty,2026-05-01,14:45:18,-07:00,2026-05-01T14:45:18-07:00,0,0
style.css,272,css,ed195849,Anwesha Mohanty,2026-05-01,14:45:18,-07:00,2026-05-01T14:45:18-07:00,0,7
style.css,273,css,ed195849,Anwesha Mohanty,2026-05-01,14:45:18,-07:00,2026-05-01T14:45:18-07:00,1,20
style.css,274,css,ed195849,Anwesha Mohanty,2026-05-01,14:45:18,-07:00,2026-05-01T14:45:18-07:00,1,9
style.css,275,css,ed195849,Anwesha Mohanty,2026-05-01,14:45:18,-07:00,2026-05-01T14:45:18-07:00,1,18
style.css,276,css,ed195849,Anwesha Mohanty,2026-05-01,14:45:18,-07:00,2026-05-01T14:45:18-07:00,1,29
style.css,277,css,ed195849,Anwesha Mohanty,2026-05-01,14:45:18,-07:00,2026-05-01T14:45:18-07:00,1,17
style.css,278,css,ed195849,Anwesha Mohanty,2026-05-01,14:45:18,-07:00,2026-05-01T14:45:18-07:00,0,0
style.css,279,css,b8a4ceb4,Anwesha Mohanty,2026-05-01,15:40:15,-07:00,2026-05-01T15:40:15-07:00,0,0
style.css,280,css,b8a4ceb4,Anwesha Mohanty,2026-05-01,15:40:15,-07:00,2026-05-01T15:40:15-07:00,0,16
style.css,281,css,b8a4ceb4,Anwesha Mohanty,2026-05-01,15:40:15,-07:00,2026-05-01T15:40:15-07:00,0,19
style.css,282,css,b8a4ceb4,Anwesha Mohanty,2026-05-01,15:40:15,-07:00,2026-05-01T15:40:15-07:00,1,16
style.css,283,css,b8a4ceb4,Anwesha Mohanty,2026-05-01,15:40:15,-07:00,2026-05-01T15:40:15-07:00,2,11
style.css,284,css,b8a4ceb4,Anwesha Mohanty,2026-05-01,15:40:15,-07:00,2026-05-01T15:40:15-07:00,1,0
style.css,285,css,b8a4ceb4,Anwesha Mohanty,2026-05-01,15:40:15,-07:00,2026-05-01T15:40:15-07:00,0,0
style.css,286,css,b8a4ceb4,Anwesha Mohanty,2026-05-01,15:40:15,-07:00,2026-05-01T15:40:15-07:00,0,0
style.css,287,css,b8a4ceb4,Anwesha Mohanty,2026-05-01,15:40:15,-07:00,2026-05-01T15:40:15-07:00,0,4
style.css,288,css,b8a4ceb4,Anwesha Mohanty,2026-05-01,15:40:15,-07:00,2026-05-01T15:40:15-07:00,1,16
style.css,289,css,b8a4ceb4,Anwesha Mohanty,2026-05-01,15:40:15,-07:00,2026-05-01T15:40:15-07:00,1,14
style.css,290,css,b8a4ceb4,Anwesha Mohanty,2026-05-01,15:40:15,-07:00,2026-05-01T15:40:15-07:00,0,0
style.css,291,css,b8a4ceb4,Anwesha Mohanty,2026-05-01,15:40:15,-07:00,2026-05-01T15:40:15-07:00,0,0
style.css,292,css,b8a4ceb4,Anwesha Mohanty,2026-05-01,15:40:15,-07:00,2026-05-01T15:40:15-07:00,0,24
style.css,293,css,b8a4ceb4,Anwesha Mohanty,2026-05-01,15:40:15,-07:00,2026-05-01T15:40:15-07:00,0,9
style.css,294,css,b8a4ceb4,Anwesha Mohanty,2026-05-01,15:40:15,-07:00,2026-05-01T15:40:15-07:00,1,35
style.css,295,css,b8a4ceb4,Anwesha Mohanty,2026-05-01,15:40:15,-07:00,2026-05-01T15:40:15-07:00,0,0
style.css,296,css,b8a4ceb4,Anwesha Mohanty,2026-05-01,15:40:15,-07:00,2026-05-01T15:40:15-07:00,1,10
style.css,297,css,b8a4ceb4,Anwesha Mohanty,2026-05-01,15:40:15,-07:00,2026-05-01T15:40:15-07:00,2,17
style.css,298,css,b8a4ceb4,Anwesha Mohanty,2026-05-01,15:40:15,-07:00,2026-05-01T15:40:15-07:00,1,0
style.css,299,css,b8a4ceb4,Anwesha Mohanty,2026-05-01,15:40:15,-07:00,2026-05-01T15:40:15-07:00,0,0
index.js,1,js,a23f2d14,Anwesha Mohanty,2026-04-24,23:42:18,-07:00,2026-04-24T23:42:18-07:00,0,71
index.js,2,js,a23f2d14,Anwesha Mohanty,2026-04-24,23:42:18,-07:00,2026-04-24T23:42:18-07:00,0,0
index.js,3,js,937c134d,Anwesha Mohanty,2026-04-24,22:29:52,-07:00,2026-04-24T22:29:52-07:00,0,54
index.js,4,js,937c134d,Anwesha Mohanty,2026-04-24,22:29:52,-07:00,2026-04-24T22:29:52-07:00,0,42
index.js,5,js,a23f2d14,Anwesha Mohanty,2026-04-24,23:42:18,-07:00,2026-04-24T23:42:18-07:00,0,0
index.js,6,js,937c134d,Anwesha Mohanty,2026-04-24,22:29:52,-07:00,2026-04-24T22:29:52-07:00,0,60
index.js,7,js,ad1ceae0,Anwesha Mohanty,2026-04-24,22:30:52,-07:00,2026-04-24T22:30:52-07:00,0,54
index.js,8,js,a23f2d14,Anwesha Mohanty,2026-04-24,23:42:18,-07:00,2026-04-24T23:42:18-07:00,0,0
index.js,9,js,a23f2d14,Anwesha Mohanty,2026-04-24,23:42:18,-07:00,2026-04-24T23:42:18-07:00,0,55
index.js,10,js,a23f2d14,Anwesha Mohanty,2026-04-24,23:42:18,-07:00,2026-04-24T23:42:18-07:00,0,0
index.js,11,js,7b38cf3f,Anwesha Mohanty,2026-04-24,22:44:38,-07:00,2026-04-24T22:44:38-07:00,0,60
index.js,12,js,7b38cf3f,Anwesha Mohanty,2026-04-24,22:44:38,-07:00,2026-04-24T22:44:38-07:00,0,0
index.js,13,js,7b38cf3f,Anwesha Mohanty,2026-04-24,22:44:38,-07:00,2026-04-24T22:44:38-07:00,0,24
index.js,14,js,7b38cf3f,Anwesha Mohanty,2026-04-24,22:44:38,-07:00,2026-04-24T22:44:38-07:00,1,2
index.js,15,js,7b38cf3f,Anwesha Mohanty,2026-04-24,22:44:38,-07:00,2026-04-24T22:44:38-07:00,2,51
index.js,16,js,7b38cf3f,Anwesha Mohanty,2026-04-24,22:44:38,-07:00,2026-04-24T22:44:38-07:00,2,51
index.js,17,js,7b38cf3f,Anwesha Mohanty,2026-04-24,22:44:38,-07:00,2026-04-24T22:44:38-07:00,2,45
index.js,18,js,7b38cf3f,Anwesha Mohanty,2026-04-24,22:44:38,-07:00,2026-04-24T22:44:38-07:00,2,45
index.js,19,js,7b38cf3f,Anwesha Mohanty,2026-04-24,22:44:38,-07:00,2026-04-24T22:44:38-07:00,1,3
index.js,20,js,7b38cf3f,Anwesha Mohanty,2026-04-24,22:44:38,-07:00,2026-04-24T22:44:38-07:00,0,0
index.html,1,html,0303aded,Anwesha Mohanty,2026-04-03,19:10:53,-07:00,2026-04-03T19:10:53-07:00,0,13
index.html,2,html,0303aded,Anwesha Mohanty,2026-04-03,19:10:53,-07:00,2026-04-03T19:10:53-07:00,0,14
index.html,3,html,0303aded,Anwesha Mohanty,2026-04-03,19:10:53,-07:00,2026-04-03T19:10:53-07:00,0,4
index.html,4,html,51553f00,Anwesha Mohanty,2026-04-24,23:45:52,-07:00,2026-04-24T23:45:52-07:00,1,20
index.html,5,html,51553f00,Anwesha Mohanty,2026-04-24,23:45:52,-07:00,2026-04-24T23:45:52-07:00,1,68
index.html,6,html,51553f00,Anwesha Mohanty,2026-04-24,23:45:52,-07:00,2026-04-24T23:45:52-07:00,1,38
index.html,7,html,51553f00,Anwesha Mohanty,2026-04-24,23:45:52,-07:00,2026-04-24T23:45:52-07:00,1,57
index.html,8,html,51553f00,Anwesha Mohanty,2026-04-24,23:45:52,-07:00,2026-04-24T23:45:52-07:00,1,45
index.html,9,html,51553f00,Anwesha Mohanty,2026-04-24,23:45:52,-07:00,2026-04-24T23:45:52-07:00,1,50
index.html,10,html,0303aded,Anwesha Mohanty,2026-04-03,19:10:53,-07:00,2026-04-03T19:10:53-07:00,0,5
index.html,11,html,0303aded,Anwesha Mohanty,2026-04-03,19:10:53,-07:00,2026-04-03T19:10:53-07:00,0,4
index.html,12,html,51553f00,Anwesha Mohanty,2026-04-24,23:45:52,-07:00,2026-04-24T23:45:52-07:00,1,17
index.html,13,html,51553f00,Anwesha Mohanty,2026-04-24,23:45:52,-07:00,2026-04-24T23:45:52-07:00,2,22
index.html,14,html,51553f00,Anwesha Mohanty,2026-04-24,23:45:52,-07:00,2026-04-24T23:45:52-07:00,2,111
index.html,15,html,51553f00,Anwesha Mohanty,2026-04-24,23:45:52,-07:00,2026-04-24T23:45:52-07:00,2,69
index.html,16,html,c5b4eb44,Anwesha Mohanty,2026-04-24,23:41:07,-07:00,2026-04-24T23:41:07-07:00,0,0
index.html,17,html,51553f00,Anwesha Mohanty,2026-04-24,23:45:52,-07:00,2026-04-24T23:45:52-07:00,2,22
index.html,18,html,51553f00,Anwesha Mohanty,2026-04-24,23:45:52,-07:00,2026-04-24T23:45:52-07:00,2,26
index.html,19,html,413b8bb5,Anwesha Mohanty,2026-04-17,21:34:45,-07:00,2026-04-17T21:34:45-07:00,0,0
index.html,20,html,51553f00,Anwesha Mohanty,2026-04-24,23:45:52,-07:00,2026-04-24T23:45:52-07:00,2,19
index.html,21,html,51553f00,Anwesha Mohanty,2026-04-24,23:45:52,-07:00,2026-04-24T23:45:52-07:00,2,28
index.html,22,html,51553f00,Anwesha Mohanty,2026-04-24,23:45:52,-07:00,2026-04-24T23:45:52-07:00,1,5
index.html,23,html,0303aded,Anwesha Mohanty,2026-04-03,19:10:53,-07:00,2026-04-03T19:10:53-07:00,0,5
index.html,24,html,c0ff4a24,Anwesha Mohanty,2026-04-03,19:34:05,-07:00,2026-04-03T19:34:05-07:00,0,5
global.js,1,js,b75135f3,Anwesha Mohanty,2026-04-17,14:59:13,-07:00,2026-04-17T14:59:13-07:00,0,25
global.js,2,js,b75135f3,Anwesha Mohanty,2026-04-17,14:59:13,-07:00,2026-04-17T14:59:13-07:00,0,0
global.js,3,js,b75135f3,Anwesha Mohanty,2026-04-17,14:59:13,-07:00,2026-04-17T14:59:13-07:00,0,41
global.js,4,js,b75135f3,Anwesha Mohanty,2026-04-17,14:59:13,-07:00,2026-04-17T14:59:13-07:00,1,52
global.js,5,js,b75135f3,Anwesha Mohanty,2026-04-17,14:59:13,-07:00,2026-04-17T14:59:13-07:00,0,0
global.js,6,js,9be267fe,Anwesha Mohanty,2026-04-17,17:05:22,-07:00,2026-04-17T17:05:22-07:00,0,0
global.js,7,js,e08ea3d3,Anwesha Mohanty,2026-04-17,20:26:51,-07:00,2026-04-17T20:26:51-07:00,0,11
global.js,8,js,e08ea3d3,Anwesha Mohanty,2026-04-17,20:26:51,-07:00,2026-04-17T20:26:51-07:00,1,25
global.js,9,js,e08ea3d3,Anwesha Mohanty,2026-04-17,20:26:51,-07:00,2026-04-17T20:26:51-07:00,1,38
global.js,10,js,e08ea3d3,Anwesha Mohanty,2026-04-17,20:26:51,-07:00,2026-04-17T20:26:51-07:00,1,36
global.js,11,js,e08ea3d3,Anwesha Mohanty,2026-04-17,20:26:51,-07:00,2026-04-17T20:26:51-07:00,1,34
global.js,12,js,e08ea3d3,Anwesha Mohanty,2026-04-17,20:26:51,-07:00,2026-04-17T20:26:51-07:00,1,60
global.js,13,js,e08ea3d3,Anwesha Mohanty,2026-04-17,20:26:51,-07:00,2026-04-17T20:26:51-07:00,0,0
global.js,14,js,e08ea3d3,Anwesha Mohanty,2026-04-17,20:26:51,-07:00,2026-04-17T20:26:51-07:00,0,0
global.js,15,js,e08ea3d3,Anwesha Mohanty,2026-04-17,20:26:51,-07:00,2026-04-17T20:26:51-07:00,0,15
global.js,16,js,e08ea3d3,Anwesha Mohanty,2026-04-17,20:26:51,-07:00,2026-04-17T20:26:51-07:00,1,68
global.js,17,js,e08ea3d3,Anwesha Mohanty,2026-04-17,20:26:51,-07:00,2026-04-17T20:26:51-07:00,2,3
global.js,18,js,e08ea3d3,Anwesha Mohanty,2026-04-17,20:26:51,-07:00,2026-04-17T20:26:51-07:00,2,14
global.js,19,js,e08ea3d3,Anwesha Mohanty,2026-04-17,20:26:51,-07:00,2026-04-17T20:26:51-07:00,0,0
global.js,20,js,e08ea3d3,Anwesha Mohanty,2026-04-17,20:26:51,-07:00,2026-04-17T20:26:51-07:00,0,38
global.js,21,js,e08ea3d3,Anwesha Mohanty,2026-04-17,20:26:51,-07:00,2026-04-17T20:26:51-07:00,0,25
global.js,22,js,e08ea3d3,Anwesha Mohanty,2026-04-17,20:26:51,-07:00,2026-04-17T20:26:51-07:00,0,0
global.js,23,js,e08ea3d3,Anwesha Mohanty,2026-04-17,20:26:51,-07:00,2026-04-17T20:26:51-07:00,0,20
global.js,24,js,e08ea3d3,Anwesha Mohanty,2026-04-17,20:26:51,-07:00,2026-04-17T20:26:51-07:00,1,14
global.js,25,js,e08ea3d3,Anwesha Mohanty,2026-04-17,20:26:51,-07:00,2026-04-17T20:26:51-07:00,0,0
global.js,26,js,e08ea3d3,Anwesha Mohanty,2026-04-17,20:26:51,-07:00,2026-04-17T20:26:51-07:00,1,28
global.js,27,js,e08ea3d3,Anwesha Mohanty,2026-04-17,20:26:51,-07:00,2026-04-17T20:26:51-07:00,2,20
global.js,28,js,e08ea3d3,Anwesha Mohanty,2026-04-17,20:26:51,-07:00,2026-04-17T20:26:51-07:00,1,0
global.js,29,js,e08ea3d3,Anwesha Mohanty,2026-04-17,20:26:51,-07:00,2026-04-17T20:26:51-07:00,0,0
global.js,30,js,e08ea3d3,Anwesha Mohanty,2026-04-17,20:26:51,-07:00,2026-04-17T20:26:51-07:00,1,34
global.js,31,js,e08ea3d3,Anwesha Mohanty,2026-04-17,20:26:51,-07:00,2026-04-17T20:26:51-07:00,1,11
global.js,32,js,e08ea3d3,Anwesha Mohanty,2026-04-17,20:26:51,-07:00,2026-04-17T20:26:51-07:00,1,22
global.js,33,js,e08ea3d3,Anwesha Mohanty,2026-04-17,20:26:51,-07:00,2026-04-17T20:26:51-07:00,0,0
global.js,34,js,e08ea3d3,Anwesha Mohanty,2026-04-17,20:26:51,-07:00,2026-04-17T20:26:51-07:00,1,65
global.js,35,js,e08ea3d3,Anwesha Mohanty,2026-04-17,20:26:51,-07:00,2026-04-17T20:26:51-07:00,2,25
global.js,36,js,e08ea3d3,Anwesha Mohanty,2026-04-17,20:26:51,-07:00,2026-04-17T20:26:51-07:00,1,0
global.js,37,js,e08ea3d3,Anwesha Mohanty,2026-04-17,20:26:51,-07:00,2026-04-17T20:26:51-07:00,0,0
global.js,38,js,e08ea3d3,Anwesha Mohanty,2026-04-17,20:26:51,-07:00,2026-04-17T20:26:51-07:00,1,29
global.js,39,js,e08ea3d3,Anwesha Mohanty,2026-04-17,20:26:51,-07:00,2026-04-17T20:26:51-07:00,2,18
global.js,40,js,e08ea3d3,Anwesha Mohanty,2026-04-17,20:26:51,-07:00,2026-04-17T20:26:51-07:00,1,0
global.js,41,js,e08ea3d3,Anwesha Mohanty,2026-04-17,20:26:51,-07:00,2026-04-17T20:26:51-07:00,0,0
global.js,42,js,e08ea3d3,Anwesha Mohanty,2026-04-17,20:26:51,-07:00,2026-04-17T20:26:51-07:00,1,12
global.js,43,js,e08ea3d3,Anwesha Mohanty,2026-04-17,20:26:51,-07:00,2026-04-17T20:26:51-07:00,0,0
global.js,44,js,10a48ab8,Anwesha Mohanty,2026-04-17,20:37:05,-07:00,2026-04-17T20:37:05-07:00,0,0
global.js,45,js,10a48ab8,Anwesha Mohanty,2026-04-17,20:37:05,-07:00,2026-04-17T20:37:05-07:00,0,31
global.js,46,js,10a48ab8,Anwesha Mohanty,2026-04-17,20:37:05,-07:00,2026-04-17T20:37:05-07:00,1,11
global.js,47,js,10a48ab8,Anwesha Mohanty,2026-04-17,20:37:05,-07:00,2026-04-17T20:37:05-07:00,1,0
global.js,48,js,10a48ab8,Anwesha Mohanty,2026-04-17,20:37:05,-07:00,2026-04-17T20:37:05-07:00,1,26
global.js,49,js,10a48ab8,Anwesha Mohanty,2026-04-17,20:37:05,-07:00,2026-04-17T20:37:05-07:00,2,4
global.js,50,js,10a48ab8,Anwesha Mohanty,2026-04-17,20:37:05,-07:00,2026-04-17T20:37:05-07:00,2,6
global.js,51,js,10a48ab8,Anwesha Mohanty,2026-04-17,20:37:05,-07:00,2026-04-17T20:37:05-07:00,3,43
global.js,52,js,10a48ab8,Anwesha Mohanty,2026-04-17,20:37:05,-07:00,2026-04-17T20:37:05-07:00,3,34
global.js,53,js,10a48ab8,Anwesha Mohanty,2026-04-17,20:37:05,-07:00,2026-04-17T20:37:05-07:00,3,32
global.js,54,js,10a48ab8,Anwesha Mohanty,2026-04-17,20:37:05,-07:00,2026-04-17T20:37:05-07:00,2,7
global.js,55,js,10a48ab8,Anwesha Mohanty,2026-04-17,20:37:05,-07:00,2026-04-17T20:37:05-07:00,1,6
global.js,56,js,10a48ab8,Anwesha Mohanty,2026-04-17,20:37:05,-07:00,2026-04-17T20:37:05-07:00,1,0
global.js,57,js,10a48ab8,Anwesha Mohanty,2026-04-17,20:37:05,-07:00,2026-04-17T20:37:05-07:00,0,0
global.js,58,js,85ae1f1f,Anwesha Mohanty,2026-04-17,20:39:30,-07:00,2026-04-17T20:39:30-07:00,0,0
global.js,59,js,85ae1f1f,Anwesha Mohanty,2026-04-17,20:39:30,-07:00,2026-04-17T20:39:30-07:00,0,44
global.js,60,js,85ae1f1f,Anwesha Mohanty,2026-04-17,20:39:30,-07:00,2026-04-17T20:39:30-07:00,0,0
global.js,61,js,85ae1f1f,Anwesha Mohanty,2026-04-17,20:39:30,-07:00,2026-04-17T20:39:30-07:00,0,49
global.js,62,js,85ae1f1f,Anwesha Mohanty,2026-04-17,20:39:30,-07:00,2026-04-17T20:39:30-07:00,1,41
global.js,63,js,85ae1f1f,Anwesha Mohanty,2026-04-17,20:39:30,-07:00,2026-04-17T20:39:30-07:00,2,13
global.js,64,js,85ae1f1f,Anwesha Mohanty,2026-04-17,20:39:30,-07:00,2026-04-17T20:39:30-07:00,2,16
global.js,65,js,85ae1f1f,Anwesha Mohanty,2026-04-17,20:39:30,-07:00,2026-04-17T20:39:30-07:00,1,0
global.js,66,js,b6a573e1,Anwesha Mohanty,2026-04-17,20:52:52,-07:00,2026-04-17T20:52:52-07:00,1,44
global.js,67,js,85ae1f1f,Anwesha Mohanty,2026-04-17,20:39:30,-07:00,2026-04-17T20:39:30-07:00,0,1
global.js,68,js,35a9fe1e,Anwesha Mohanty,2026-04-17,20:53:32,-07:00,2026-04-17T20:53:32-07:00,0,0
global.js,69,js,35a9fe1e,Anwesha Mohanty,2026-04-17,20:53:32,-07:00,2026-04-17T20:53:32-07:00,0,34
global.js,70,js,35a9fe1e,Anwesha Mohanty,2026-04-17,20:53:32,-07:00,2026-04-17T20:53:32-07:00,1,35
global.js,71,js,35a9fe1e,Anwesha Mohanty,2026-04-17,20:53:32,-07:00,2026-04-17T20:53:32-07:00,1,64
global.js,72,js,35a9fe1e,Anwesha Mohanty,2026-04-17,20:53:32,-07:00,2026-04-17T20:53:32-07:00,1,19
global.js,73,js,35a9fe1e,Anwesha Mohanty,2026-04-17,20:53:32,-07:00,2026-04-17T20:53:32-07:00,0,0
global.js,74,js,2a916279,Anwesha Mohanty,2026-04-17,20:59:09,-07:00,2026-04-17T20:59:09-07:00,0,0
global.js,75,js,2a916279,Anwesha Mohanty,2026-04-17,20:59:09,-07:00,2026-04-17T20:59:09-07:00,0,40
global.js,76,js,2a916279,Anwesha Mohanty,2026-04-17,20:59:09,-07:00,2026-04-17T20:59:09-07:00,0,0
global.js,77,js,2a916279,Anwesha Mohanty,2026-04-17,20:59:09,-07:00,2026-04-17T20:59:09-07:00,0,49
global.js,78,js,2a916279,Anwesha Mohanty,2026-04-17,20:59:09,-07:00,2026-04-17T20:59:09-07:00,1,21
global.js,79,js,2a916279,Anwesha Mohanty,2026-04-17,20:59:09,-07:00,2026-04-17T20:59:09-07:00,0,0
global.js,80,js,2a916279,Anwesha Mohanty,2026-04-17,20:59:09,-07:00,2026-04-17T20:59:09-07:00,1,28
global.js,81,js,2a916279,Anwesha Mohanty,2026-04-17,20:59:09,-07:00,2026-04-17T20:59:09-07:00,1,14
global.js,82,js,2a916279,Anwesha Mohanty,2026-04-17,20:59:09,-07:00,2026-04-17T20:59:09-07:00,0,0
global.js,83,js,2a916279,Anwesha Mohanty,2026-04-17,20:59:09,-07:00,2026-04-17T20:59:09-07:00,1,31
global.js,84,js,2a916279,Anwesha Mohanty,2026-04-17,20:59:09,-07:00,2026-04-17T20:59:09-07:00,2,50
global.js,85,js,2a916279,Anwesha Mohanty,2026-04-17,20:59:09,-07:00,2026-04-17T20:59:09-07:00,1,0
global.js,86,js,2a916279,Anwesha Mohanty,2026-04-17,20:59:09,-07:00,2026-04-17T20:59:09-07:00,0,0
global.js,87,js,2a916279,Anwesha Mohanty,2026-04-17,20:59:09,-07:00,2026-04-17T20:59:09-07:00,1,45
global.js,88,js,2a916279,Anwesha Mohanty,2026-04-17,20:59:09,-07:00,2026-04-17T20:59:09-07:00,1,18
global.js,89,js,2a916279,Anwesha Mohanty,2026-04-17,20:59:09,-07:00,2026-04-17T20:59:09-07:00,0,1
global.js,90,js,adb81c23,Anwesha Mohanty,2026-04-24,22:17:38,-07:00,2026-04-24T22:17:38-07:00,0,0
global.js,91,js,adb81c23,Anwesha Mohanty,2026-04-24,22:17:38,-07:00,2026-04-24T22:17:38-07:00,0,36
global.js,92,js,adb81c23,Anwesha Mohanty,2026-04-24,22:17:38,-07:00,2026-04-24T22:17:38-07:00,1,3
global.js,93,js,adb81c23,Anwesha Mohanty,2026-04-24,22:17:38,-07:00,2026-04-24T22:17:38-07:00,2,32
global.js,94,js,db58c293,Anwesha Mohanty,2026-04-24,23:48:03,-07:00,2026-04-24T23:48:03-07:00,0,0
global.js,95,js,adb81c23,Anwesha Mohanty,2026-04-24,22:17:38,-07:00,2026-04-24T22:17:38-07:00,2,17
global.js,96,js,adb81c23,Anwesha Mohanty,2026-04-24,22:17:38,-07:00,2026-04-24T22:17:38-07:00,3,66
global.js,97,js,adb81c23,Anwesha Mohanty,2026-04-24,22:17:38,-07:00,2026-04-24T22:17:38-07:00,2,0
global.js,98,js,db58c293,Anwesha Mohanty,2026-04-24,23:48:03,-07:00,2026-04-24T23:48:03-07:00,0,0
global.js,99,js,adb81c23,Anwesha Mohanty,2026-04-24,22:17:38,-07:00,2026-04-24T22:17:38-07:00,2,33
global.js,100,js,adb81c23,Anwesha Mohanty,2026-04-24,22:17:38,-07:00,2026-04-24T22:17:38-07:00,2,10
global.js,101,js,adb81c23,Anwesha Mohanty,2026-04-24,22:17:38,-07:00,2026-04-24T22:17:38-07:00,1,15
global.js,102,js,adb81c23,Anwesha Mohanty,2026-04-24,22:17:38,-07:00,2026-04-24T22:17:38-07:00,2,59
global.js,103,js,adb81c23,Anwesha Mohanty,2026-04-24,22:17:38,-07:00,2026-04-24T22:17:38-07:00,1,0
global.js,104,js,adb81c23,Anwesha Mohanty,2026-04-24,22:17:38,-07:00,2026-04-24T22:17:38-07:00,0,0
global.js,105,js,e6dde34b,Anwesha Mohanty,2026-04-24,22:22:46,-07:00,2026-04-24T22:22:46-07:00,0,0
global.js,106,js,e6dde34b,Anwesha Mohanty,2026-04-24,22:22:46,-07:00,2026-04-24T22:22:46-07:00,0,79
global.js,107,js,e6dde34b,Anwesha Mohanty,2026-04-24,22:22:46,-07:00,2026-04-24T22:22:46-07:00,1,30
global.js,108,js,e6dde34b,Anwesha Mohanty,2026-04-24,22:22:46,-07:00,2026-04-24T22:22:46-07:00,1,29
global.js,109,js,e6dde34b,Anwesha Mohanty,2026-04-24,22:22:46,-07:00,2026-04-24T22:22:46-07:00,2,48
global.js,110,js,e6dde34b,Anwesha Mohanty,2026-04-24,22:22:46,-07:00,2026-04-24T22:22:46-07:00,2,19
global.js,111,js,e6dde34b,Anwesha Mohanty,2026-04-24,22:22:46,-07:00,2026-04-24T22:22:46-07:00,3,49
global.js,112,js,e6dde34b,Anwesha Mohanty,2026-04-24,22:22:46,-07:00,2026-04-24T22:22:46-07:00,3,49
global.js,113,js,fba6ff7f,Anwesha Mohanty,2026-05-01,13:43:21,-07:00,2026-05-01T13:43:21-07:00,3,3
global.js,114,js,fba6ff7f,Anwesha Mohanty,2026-05-01,13:43:21,-07:00,2026-05-01T13:43:21-07:00,4,27
global.js,115,js,fba6ff7f,Anwesha Mohanty,2026-05-01,13:43:21,-07:00,2026-05-01T13:43:21-07:00,4,44
global.js,116,js,fba6ff7f,Anwesha Mohanty,2026-05-01,13:43:21,-07:00,2026-05-01T13:43:21-07:00,3,4
global.js,117,js,e6dde34b,Anwesha Mohanty,2026-04-24,22:22:46,-07:00,2026-04-24T22:22:46-07:00,2,0
global.js,118,js,e6dde34b,Anwesha Mohanty,2026-04-24,22:22:46,-07:00,2026-04-24T22:22:46-07:00,2,36
global.js,119,js,e6dde34b,Anwesha Mohanty,2026-04-24,22:22:46,-07:00,2026-04-24T22:22:46-07:00,1,0
global.js,120,js,e6dde34b,Anwesha Mohanty,2026-04-24,22:22:46,-07:00,2026-04-24T22:22:46-07:00,0,0
global.js,121,js,57b5c4e3,Anwesha Mohanty,2026-05-01,15:53:52,-07:00,2026-05-01T15:53:52-07:00,0,0
global.js,122,js,57b5c4e3,Anwesha Mohanty,2026-05-01,15:53:52,-07:00,2026-05-01T15:53:52-07:00,0,47
global.js,123,js,57b5c4e3,Anwesha Mohanty,2026-05-01,15:53:52,-07:00,2026-05-01T15:53:52-07:00,1,59
global.js,124,js,57b5c4e3,Anwesha Mohanty,2026-05-01,15:53:52,-07:00,2026-05-01T15:53:52-07:00,0,0
resume/index.html,1,html,aa73936a,Anwesha Mohanty,2026-04-03,21:03:53,-07:00,2026-04-03T21:03:53-07:00,0,13
resume/index.html,2,html,aa73936a,Anwesha Mohanty,2026-04-03,21:03:53,-07:00,2026-04-03T21:03:53-07:00,0,4
resume/index.html,3,html,aa73936a,Anwesha Mohanty,2026-04-03,21:03:53,-07:00,2026-04-03T21:03:53-07:00,0,4
resume/index.html,4,html,aa73936a,Anwesha Mohanty,2026-04-03,21:03:53,-07:00,2026-04-03T21:03:53-07:00,2,19
resume/index.html,5,html,aa73936a,Anwesha Mohanty,2026-04-03,21:03:53,-07:00,2026-04-03T21:03:53-07:00,2,41
resume/index.html,6,html,aa73936a,Anwesha Mohanty,2026-04-03,21:03:53,-07:00,2026-04-03T21:03:53-07:00,0,5
resume/index.html,7,html,aa73936a,Anwesha Mohanty,2026-04-03,21:03:53,-07:00,2026-04-03T21:03:53-07:00,0,4
resume/index.html,8,html,aa73936a,Anwesha Mohanty,2026-04-03,21:03:53,-07:00,2026-04-03T21:03:53-07:00,2,22
resume/index.html,9,html,5101abf1,Anwesha Mohanty,2026-04-11,21:07:20,-07:00,2026-04-11T21:07:20-07:00,2,26
resume/index.html,10,html,5101abf1,Anwesha Mohanty,2026-04-11,21:07:20,-07:00,2026-04-11T21:07:20-07:00,1,1
resume/index.html,11,html,5101abf1,Anwesha Mohanty,2026-04-11,21:07:20,-07:00,2026-04-11T21:07:20-07:00,2,6
resume/index.html,12,html,5101abf1,Anwesha Mohanty,2026-04-11,21:07:20,-07:00,2026-04-11T21:07:20-07:00,3,43
resume/index.html,13,html,5101abf1,Anwesha Mohanty,2026-04-11,21:07:20,-07:00,2026-04-11T21:07:20-07:00,3,76
resume/index.html,14,html,5101abf1,Anwesha Mohanty,2026-04-11,21:07:20,-07:00,2026-04-11T21:07:20-07:00,2,7
resume/index.html,15,html,5101abf1,Anwesha Mohanty,2026-04-11,21:07:20,-07:00,2026-04-11T21:07:20-07:00,1,2
resume/index.html,16,html,5101abf1,Anwesha Mohanty,2026-04-11,21:07:20,-07:00,2026-04-11T21:07:20-07:00,0,4
resume/index.html,17,html,aa73936a,Anwesha Mohanty,2026-04-03,21:03:53,-07:00,2026-04-03T21:03:53-07:00,0,0
resume/index.html,18,html,aa73936a,Anwesha Mohanty,2026-04-03,21:03:53,-07:00,2026-04-03T21:03:53-07:00,2,7
resume/index.html,19,html,aa73936a,Anwesha Mohanty,2026-04-03,21:03:53,-07:00,2026-04-03T21:03:53-07:00,4,16
resume/index.html,20,html,aa73936a,Anwesha Mohanty,2026-04-03,21:03:53,-07:00,2026-04-03T21:03:53-07:00,4,57
resume/index.html,21,html,aa73936a,Anwesha Mohanty,2026-04-03,21:03:53,-07:00,2026-04-03T21:03:53-07:00,4,69
resume/index.html,22,html,aa73936a,Anwesha Mohanty,2026-04-03,21:03:53,-07:00,2026-04-03T21:03:53-07:00,4,31
resume/index.html,23,html,aa73936a,Anwesha Mohanty,2026-04-03,21:03:53,-07:00,2026-04-03T21:03:53-07:00,0,0
resume/index.html,24,html,aa73936a,Anwesha Mohanty,2026-04-03,21:03:53,-07:00,2026-04-03T21:03:53-07:00,4,214
resume/index.html,25,html,aa73936a,Anwesha Mohanty,2026-04-03,21:03:53,-07:00,2026-04-03T21:03:53-07:00,2,8
resume/index.html,26,html,aa73936a,Anwesha Mohanty,2026-04-03,21:03:53,-07:00,2026-04-03T21:03:53-07:00,0,0
resume/index.html,27,html,aa73936a,Anwesha Mohanty,2026-04-03,21:03:53,-07:00,2026-04-03T21:03:53-07:00,2,7
resume/index.html,28,html,aa73936a,Anwesha Mohanty,2026-04-03,21:03:53,-07:00,2026-04-03T21:03:53-07:00,4,17
resume/index.html,29,html,aa73936a,Anwesha Mohanty,2026-04-03,21:03:53,-07:00,2026-04-03T21:03:53-07:00,0,0
resume/index.html,30,html,aa73936a,Anwesha Mohanty,2026-04-03,21:03:53,-07:00,2026-04-03T21:03:53-07:00,4,7
resume/index.html,31,html,aa73936a,Anwesha Mohanty,2026-04-03,21:03:53,-07:00,2026-04-03T21:03:53-07:00,6,46
resume/index.html,32,html,aa73936a,Anwesha Mohanty,2026-04-03,21:03:53,-07:00,2026-04-03T21:03:53-07:00,6,30
resume/index.html,33,html,aa73936a,Anwesha Mohanty,2026-04-03,21:03:53,-07:00,2026-04-03T21:03:53-07:00,6,2
resume/index.html,34,html,aa73936a,Anwesha Mohanty,2026-04-03,21:03:53,-07:00,2026-04-03T21:03:53-07:00,8,70
resume/index.html,35,html,aa73936a,Anwesha Mohanty,2026-04-03,21:03:53,-07:00,2026-04-03T21:03:53-07:00,8,66
resume/index.html,36,html,aa73936a,Anwesha Mohanty,2026-04-03,21:03:53,-07:00,2026-04-03T21:03:53-07:00,8,68
resume/index.html,37,html,aa73936a,Anwesha Mohanty,2026-04-03,21:03:53,-07:00,2026-04-03T21:03:53-07:00,6,3
resume/index.html,38,html,aa73936a,Anwesha Mohanty,2026-04-03,21:03:53,-07:00,2026-04-03T21:03:53-07:00,4,8
resume/index.html,39,html,aa73936a,Anwesha Mohanty,2026-04-03,21:03:53,-07:00,2026-04-03T21:03:53-07:00,0,0
resume/index.html,40,html,aa73936a,Anwesha Mohanty,2026-04-03,21:03:53,-07:00,2026-04-03T21:03:53-07:00,4,7
resume/index.html,41,html,aa73936a,Anwesha Mohanty,2026-04-03,21:03:53,-07:00,2026-04-03T21:03:53-07:00,6,41
resume/index.html,42,html,aa73936a,Anwesha Mohanty,2026-04-03,21:03:53,-07:00,2026-04-03T21:03:53-07:00,6,30
resume/index.html,43,html,aa73936a,Anwesha Mohanty,2026-04-03,21:03:53,-07:00,2026-04-03T21:03:53-07:00,6,2
resume/index.html,44,html,aa73936a,Anwesha Mohanty,2026-04-03,21:03:53,-07:00,2026-04-03T21:03:53-07:00,8,74
resume/index.html,45,html,aa73936a,Anwesha Mohanty,2026-04-03,21:03:53,-07:00,2026-04-03T21:03:53-07:00,8,64
resume/index.html,46,html,aa73936a,Anwesha Mohanty,2026-04-03,21:03:53,-07:00,2026-04-03T21:03:53-07:00,8,49
resume/index.html,47,html,aa73936a,Anwesha Mohanty,2026-04-03,21:03:53,-07:00,2026-04-03T21:03:53-07:00,6,3
resume/index.html,48,html,aa73936a,Anwesha Mohanty,2026-04-03,21:03:53,-07:00,2026-04-03T21:03:53-07:00,4,8
resume/index.html,49,html,aa73936a,Anwesha Mohanty,2026-04-03,21:03:53,-07:00,2026-04-03T21:03:53-07:00,0,0
resume/index.html,50,html,aa73936a,Anwesha Mohanty,2026-04-03,21:03:53,-07:00,2026-04-03T21:03:53-07:00,4,7
resume/index.html,51,html,aa73936a,Anwesha Mohanty,2026-04-03,21:03:53,-07:00,2026-04-03T21:03:53-07:00,6,56
resume/index.html,52,html,aa73936a,Anwesha Mohanty,2026-04-03,21:03:53,-07:00,2026-04-03T21:03:53-07:00,6,30
resume/index.html,53,html,aa73936a,Anwesha Mohanty,2026-04-03,21:03:53,-07:00,2026-04-03T21:03:53-07:00,6,2
resume/index.html,54,html,aa73936a,Anwesha Mohanty,2026-04-03,21:03:53,-07:00,2026-04-03T21:03:53-07:00,8,71
resume/index.html,55,html,aa73936a,Anwesha Mohanty,2026-04-03,21:03:53,-07:00,2026-04-03T21:03:53-07:00,8,76
resume/index.html,56,html,aa73936a,Anwesha Mohanty,2026-04-03,21:03:53,-07:00,2026-04-03T21:03:53-07:00,8,67
resume/index.html,57,html,aa73936a,Anwesha Mohanty,2026-04-03,21:03:53,-07:00,2026-04-03T21:03:53-07:00,6,3
resume/index.html,58,html,aa73936a,Anwesha Mohanty,2026-04-03,21:03:53,-07:00,2026-04-03T21:03:53-07:00,4,8
resume/index.html,59,html,4bfcfec7,Anwesha Mohanty,2026-04-03,21:27:05,-07:00,2026-04-03T21:27:05-07:00,4,7
resume/index.html,60,html,4bfcfec7,Anwesha Mohanty,2026-04-03,21:27:05,-07:00,2026-04-03T21:27:05-07:00,2,48
resume/index.html,61,html,4bfcfec7,Anwesha Mohanty,2026-04-03,21:27:05,-07:00,2026-04-03T21:27:05-07:00,2,30
resume/index.html,62,html,4bfcfec7,Anwesha Mohanty,2026-04-03,21:27:05,-07:00,2026-04-03T21:27:05-07:00,2,2
resume/index.html,63,html,4bfcfec7,Anwesha Mohanty,2026-04-03,21:27:05,-07:00,2026-04-03T21:27:05-07:00,4,92
resume/index.html,64,html,4bfcfec7,Anwesha Mohanty,2026-04-03,21:27:05,-07:00,2026-04-03T21:27:05-07:00,4,56
resume/index.html,65,html,4bfcfec7,Anwesha Mohanty,2026-04-03,21:27:05,-07:00,2026-04-03T21:27:05-07:00,4,83
resume/index.html,66,html,4bfcfec7,Anwesha Mohanty,2026-04-03,21:27:05,-07:00,2026-04-03T21:27:05-07:00,2,3
resume/index.html,67,html,4bfcfec7,Anwesha Mohanty,2026-04-03,21:27:05,-07:00,2026-04-03T21:27:05-07:00,0,8
resume/index.html,68,html,4bfcfec7,Anwesha Mohanty,2026-04-03,21:27:05,-07:00,2026-04-03T21:27:05-07:00,0,0
resume/index.html,69,html,4bfcfec7,Anwesha Mohanty,2026-04-03,21:27:05,-07:00,2026-04-03T21:27:05-07:00,0,7
resume/index.html,70,html,4bfcfec7,Anwesha Mohanty,2026-04-03,21:27:05,-07:00,2026-04-03T21:27:05-07:00,2,45
resume/index.html,71,html,4bfcfec7,Anwesha Mohanty,2026-04-03,21:27:05,-07:00,2026-04-03T21:27:05-07:00,2,30
resume/index.html,72,html,4bfcfec7,Anwesha Mohanty,2026-04-03,21:27:05,-07:00,2026-04-03T21:27:05-07:00,2,2
resume/index.html,73,html,4bfcfec7,Anwesha Mohanty,2026-04-03,21:27:05,-07:00,2026-04-03T21:27:05-07:00,4,71
resume/index.html,74,html,4bfcfec7,Anwesha Mohanty,2026-04-03,21:27:05,-07:00,2026-04-03T21:27:05-07:00,4,50
resume/index.html,75,html,4bfcfec7,Anwesha Mohanty,2026-04-03,21:27:05,-07:00,2026-04-03T21:27:05-07:00,4,70
resume/index.html,76,html,4bfcfec7,Anwesha Mohanty,2026-04-03,21:27:05,-07:00,2026-04-03T21:27:05-07:00,4,63
resume/index.html,77,html,4bfcfec7,Anwesha Mohanty,2026-04-03,21:27:05,-07:00,2026-04-03T21:27:05-07:00,4,48
resume/index.html,78,html,4bfcfec7,Anwesha Mohanty,2026-04-03,21:27:05,-07:00,2026-04-03T21:27:05-07:00,2,3
resume/index.html,79,html,4bfcfec7,Anwesha Mohanty,2026-04-03,21:27:05,-07:00,2026-04-03T21:27:05-07:00,0,8
resume/index.html,80,html,aa73936a,Anwesha Mohanty,2026-04-03,21:03:53,-07:00,2026-04-03T21:03:53-07:00,0,0
resume/index.html,81,html,aa73936a,Anwesha Mohanty,2026-04-03,21:03:53,-07:00,2026-04-03T21:03:53-07:00,2,8
resume/index.html,82,html,aa73936a,Anwesha Mohanty,2026-04-03,21:03:53,-07:00,2026-04-03T21:03:53-07:00,0,0
resume/index.html,83,html,aa73936a,Anwesha Mohanty,2026-04-03,21:03:53,-07:00,2026-04-03T21:03:53-07:00,2,7
resume/index.html,84,html,aa73936a,Anwesha Mohanty,2026-04-03,21:03:53,-07:00,2026-04-03T21:03:53-07:00,4,15
resume/index.html,85,html,aa73936a,Anwesha Mohanty,2026-04-03,21:03:53,-07:00,2026-04-03T21:03:53-07:00,4,7
resume/index.html,86,html,aa73936a,Anwesha Mohanty,2026-04-03,21:03:53,-07:00,2026-04-03T21:03:53-07:00,6,20
resume/index.html,87,html,aa73936a,Anwesha Mohanty,2026-04-03,21:03:53,-07:00,2026-04-03T21:03:53-07:00,6,30
resume/index.html,88,html,aa73936a,Anwesha Mohanty,2026-04-03,21:03:53,-07:00,2026-04-03T21:03:53-07:00,6,2
resume/index.html,89,html,aa73936a,Anwesha Mohanty,2026-04-03,21:03:53,-07:00,2026-04-03T21:03:53-07:00,8,72
resume/index.html,90,html,aa73936a,Anwesha Mohanty,2026-04-03,21:03:53,-07:00,2026-04-03T21:03:53-07:00,8,75
resume/index.html,91,html,aa73936a,Anwesha Mohanty,2026-04-03,21:03:53,-07:00,2026-04-03T21:03:53-07:00,6,3
resume/index.html,92,html,aa73936a,Anwesha Mohanty,2026-04-03,21:03:53,-07:00,2026-04-03T21:03:53-07:00,4,8
resume/index.html,93,html,aa73936a,Anwesha Mohanty,2026-04-03,21:03:53,-07:00,2026-04-03T21:03:53-07:00,2,8
resume/index.html,94,html,aa73936a,Anwesha Mohanty,2026-04-03,21:03:53,-07:00,2026-04-03T21:03:53-07:00,0,0
resume/index.html,95,html,aa73936a,Anwesha Mohanty,2026-04-03,21:03:53,-07:00,2026-04-03T21:03:53-07:00,2,7
resume/index.html,96,html,aa73936a,Anwesha Mohanty,2026-04-03,21:03:53,-07:00,2026-04-03T21:03:53-07:00,4,13
resume/index.html,97,html,aa73936a,Anwesha Mohanty,2026-04-03,21:03:53,-07:00,2026-04-03T21:03:53-07:00,4,124
resume/index.html,98,html,aa73936a,Anwesha Mohanty,2026-04-03,21:03:53,-07:00,2026-04-03T21:03:53-07:00,4,86
resume/index.html,99,html,aa73936a,Anwesha Mohanty,2026-04-03,21:03:53,-07:00,2026-04-03T21:03:53-07:00,4,79
resume/index.html,100,html,aa73936a,Anwesha Mohanty,2026-04-03,21:03:53,-07:00,2026-04-03T21:03:53-07:00,2,8
resume/index.html,101,html,be4088c2,Anwesha Mohanty,2026-04-17,16:43:38,-07:00,2026-04-17T16:43:38-07:00,2,48
resume/index.html,102,html,aa73936a,Anwesha Mohanty,2026-04-03,21:03:53,-07:00,2026-04-03T21:03:53-07:00,0,5
resume/index.html,103,html,aa73936a,Anwesha Mohanty,2026-04-03,21:03:53,-07:00,2026-04-03T21:03:53-07:00,0,5
projects/projects.js,1,js,076493f6,Anwesha Mohanty,2026-04-24,22:19:04,-07:00,2026-04-24T22:19:04-07:00,0,55
projects/projects.js,2,js,d13b2424,Anwesha Mohanty,2026-05-01,14:45:02,-07:00,2026-05-01T14:45:02-07:00,0,63
projects/projects.js,3,js,d13b2424,Anwesha Mohanty,2026-05-01,14:45:02,-07:00,2026-05-01T14:45:02-07:00,0,0
projects/projects.js,4,js,076493f6,Anwesha Mohanty,2026-04-24,22:19:04,-07:00,2026-04-24T22:19:04-07:00,0,55
projects/projects.js,5,js,076493f6,Anwesha Mohanty,2026-04-24,22:19:04,-07:00,2026-04-24T22:19:04-07:00,0,60
projects/projects.js,6,js,5206ce47,Anwesha Mohanty,2026-04-24,22:27:26,-07:00,2026-04-24T22:27:26-07:00,0,54
projects/projects.js,7,js,5206ce47,Anwesha Mohanty,2026-04-24,22:27:26,-07:00,2026-04-24T22:27:26-07:00,0,48
projects/projects.js,8,js,b5902046,Anwesha Mohanty,2026-05-01,13:56:56,-07:00,2026-05-01T13:56:56-07:00,0,0
projects/projects.js,9,js,b5902046,Anwesha Mohanty,2026-05-01,13:56:56,-07:00,2026-05-01T13:56:56-07:00,0,57
projects/projects.js,10,js,c2ca5f05,Anwesha Mohanty,2026-05-01,15:37:42,-07:00,2026-05-01T15:37:42-07:00,0,47
projects/projects.js,11,js,7d77c20d,Anwesha Mohanty,2026-05-01,15:39:53,-07:00,2026-05-01T15:39:53-07:00,0,21
projects/projects.js,12,js,1b2d286c,Anwesha Mohanty,2026-05-01,15:47:34,-07:00,2026-05-01T15:47:34-07:00,0,13
projects/projects.js,13,js,1b2d286c,Anwesha Mohanty,2026-05-01,15:47:34,-07:00,2026-05-01T15:47:34-07:00,0,0
projects/projects.js,14,js,1b2d286c,Anwesha Mohanty,2026-05-01,15:47:34,-07:00,2026-05-01T15:47:34-07:00,0,30
projects/projects.js,15,js,1b2d286c,Anwesha Mohanty,2026-05-01,15:47:34,-07:00,2026-05-01T15:47:34-07:00,1,35
projects/projects.js,16,js,1b2d286c,Anwesha Mohanty,2026-05-01,15:47:34,-07:00,2026-05-01T15:47:34-07:00,2,95
projects/projects.js,17,js,1b2d286c,Anwesha Mohanty,2026-05-01,15:47:34,-07:00,2026-05-01T15:47:34-07:00,2,18
projects/projects.js,18,js,1b2d286c,Anwesha Mohanty,2026-05-01,15:47:34,-07:00,2026-05-01T15:47:34-07:00,1,1
projects/projects.js,19,js,1b2d286c,Anwesha Mohanty,2026-05-01,15:47:34,-07:00,2026-05-01T15:47:34-07:00,0,0
projects/projects.js,20,js,b5902046,Anwesha Mohanty,2026-05-01,13:56:56,-07:00,2026-05-01T13:56:56-07:00,0,0
projects/projects.js,21,js,c2ca5f05,Anwesha Mohanty,2026-05-01,15:37:42,-07:00,2026-05-01T15:37:42-07:00,0,38
projects/projects.js,22,js,7d77c20d,Anwesha Mohanty,2026-05-01,15:39:53,-07:00,2026-05-01T15:39:53-07:00,1,25
projects/projects.js,23,js,7d77c20d,Anwesha Mohanty,2026-05-01,15:39:53,-07:00,2026-05-01T15:39:53-07:00,1,29
projects/projects.js,24,js,c2ca5f05,Anwesha Mohanty,2026-05-01,15:37:42,-07:00,2026-05-01T15:37:42-07:00,1,44
projects/projects.js,25,js,c2ca5f05,Anwesha Mohanty,2026-05-01,15:37:42,-07:00,2026-05-01T15:37:42-07:00,0,0
projects/projects.js,26,js,c2ca5f05,Anwesha Mohanty,2026-05-01,15:37:42,-07:00,2026-05-01T15:37:42-07:00,1,29
projects/projects.js,27,js,c2ca5f05,Anwesha Mohanty,2026-05-01,15:37:42,-07:00,2026-05-01T15:37:42-07:00,2,12
projects/projects.js,28,js,c2ca5f05,Anwesha Mohanty,2026-05-01,15:37:42,-07:00,2026-05-01T15:37:42-07:00,2,14
projects/projects.js,29,js,c2ca5f05,Anwesha Mohanty,2026-05-01,15:37:42,-07:00,2026-05-01T15:37:42-07:00,2,12
projects/projects.js,30,js,c2ca5f05,Anwesha Mohanty,2026-05-01,15:37:42,-07:00,2026-05-01T15:37:42-07:00,1,0
projects/projects.js,31,js,c2ca5f05,Anwesha Mohanty,2026-05-01,15:37:42,-07:00,2026-05-01T15:37:42-07:00,1,50
projects/projects.js,32,js,c2ca5f05,Anwesha Mohanty,2026-05-01,15:37:42,-07:00,2026-05-01T15:37:42-07:00,2,35
projects/projects.js,33,js,c2ca5f05,Anwesha Mohanty,2026-05-01,15:37:42,-07:00,2026-05-01T15:37:42-07:00,1,1
projects/projects.js,34,js,d13b2424,Anwesha Mohanty,2026-05-01,14:45:02,-07:00,2026-05-01T14:45:02-07:00,0,0
projects/projects.js,35,js,c2ca5f05,Anwesha Mohanty,2026-05-01,15:37:42,-07:00,2026-05-01T15:37:42-07:00,1,53
projects/projects.js,36,js,c2ca5f05,Anwesha Mohanty,2026-05-01,15:37:42,-07:00,2026-05-01T15:37:42-07:00,1,42
projects/projects.js,37,js,c2ca5f05,Anwesha Mohanty,2026-05-01,15:37:42,-07:00,2026-05-01T15:37:42-07:00,1,51
projects/projects.js,38,js,1c208e50,Anwesha Mohanty,2026-05-01,14:26:13,-07:00,2026-05-01T14:26:13-07:00,0,0
projects/projects.js,39,js,7d77c20d,Anwesha Mohanty,2026-05-01,15:39:53,-07:00,2026-05-01T15:39:53-07:00,1,27
projects/projects.js,40,js,7d77c20d,Anwesha Mohanty,2026-05-01,15:39:53,-07:00,2026-05-01T15:39:53-07:00,2,1
projects/projects.js,41,js,7d77c20d,Anwesha Mohanty,2026-05-01,15:39:53,-07:00,2026-05-01T15:39:53-07:00,3,13
projects/projects.js,42,js,7d77c20d,Anwesha Mohanty,2026-05-01,15:39:53,-07:00,2026-05-01T15:39:53-07:00,3,13
projects/projects.js,43,js,7d77c20d,Anwesha Mohanty,2026-05-01,15:39:53,-07:00,2026-05-01T15:39:53-07:00,3,22
projects/projects.js,44,js,7d77c20d,Anwesha Mohanty,2026-05-01,15:39:53,-07:00,2026-05-01T15:39:53-07:00,3,51
projects/projects.js,45,js,7d77c20d,Anwesha Mohanty,2026-05-01,15:39:53,-07:00,2026-05-01T15:39:53-07:00,3,18
projects/projects.js,46,js,7d77c20d,Anwesha Mohanty,2026-05-01,15:39:53,-07:00,2026-05-01T15:39:53-07:00,4,43
projects/projects.js,47,js,7d77c20d,Anwesha Mohanty,2026-05-01,15:39:53,-07:00,2026-05-01T15:39:53-07:00,0,0
projects/projects.js,48,js,7d77c20d,Anwesha Mohanty,2026-05-01,15:39:53,-07:00,2026-05-01T15:39:53-07:00,4,1
projects/projects.js,49,js,7d77c20d,Anwesha Mohanty,2026-05-01,15:39:53,-07:00,2026-05-01T15:39:53-07:00,5,16
projects/projects.js,50,js,7d77c20d,Anwesha Mohanty,2026-05-01,15:39:53,-07:00,2026-05-01T15:39:53-07:00,5,66
projects/projects.js,51,js,7d77c20d,Anwesha Mohanty,2026-05-01,15:39:53,-07:00,2026-05-01T15:39:53-07:00,0,0
projects/projects.js,52,js,7d77c20d,Anwesha Mohanty,2026-05-01,15:39:53,-07:00,2026-05-01T15:39:53-07:00,4,4
projects/projects.js,53,js,7d77c20d,Anwesha Mohanty,2026-05-01,15:39:53,-07:00,2026-05-01T15:39:53-07:00,5,14
projects/projects.js,54,js,7d77c20d,Anwesha Mohanty,2026-05-01,15:39:53,-07:00,2026-05-01T15:39:53-07:00,5,24
projects/projects.js,55,js,7d77c20d,Anwesha Mohanty,2026-05-01,15:39:53,-07:00,2026-05-01T15:39:53-07:00,6,60
projects/projects.js,56,js,7d77c20d,Anwesha Mohanty,2026-05-01,15:39:53,-07:00,2026-05-01T15:39:53-07:00,5,0
projects/projects.js,57,js,1b2d286c,Anwesha Mohanty,2026-05-01,15:47:34,-07:00,2026-05-01T15:47:34-07:00,0,0
projects/projects.js,58,js,1b2d286c,Anwesha Mohanty,2026-05-01,15:47:34,-07:00,2026-05-01T15:47:34-07:00,4,39
projects/projects.js,59,js,1b2d286c,Anwesha Mohanty,2026-05-01,15:47:34,-07:00,2026-05-01T15:47:34-07:00,4,35
projects/projects.js,60,js,1b2d286c,Anwesha Mohanty,2026-05-01,15:47:34,-07:00,2026-05-01T15:47:34-07:00,4,25
projects/projects.js,61,js,1b2d286c,Anwesha Mohanty,2026-05-01,15:47:34,-07:00,2026-05-01T15:47:34-07:00,5,72
projects/projects.js,62,js,1b2d286c,Anwesha Mohanty,2026-05-01,15:47:34,-07:00,2026-05-01T15:47:34-07:00,4,0
projects/projects.js,63,js,1b2d286c,Anwesha Mohanty,2026-05-01,15:47:34,-07:00,2026-05-01T15:47:34-07:00,4,48
projects/projects.js,64,js,7d77c20d,Anwesha Mohanty,2026-05-01,15:39:53,-07:00,2026-05-01T15:39:53-07:00,3,1
projects/projects.js,65,js,c2ca5f05,Anwesha Mohanty,2026-05-01,15:37:42,-07:00,2026-05-01T15:37:42-07:00,1,1
projects/projects.js,66,js,b5902046,Anwesha Mohanty,2026-05-01,13:56:56,-07:00,2026-05-01T13:56:56-07:00,0,0
projects/projects.js,67,js,c2ca5f05,Anwesha Mohanty,2026-05-01,15:37:42,-07:00,2026-05-01T15:37:42-07:00,1,32
projects/projects.js,68,js,7d77c20d,Anwesha Mohanty,2026-05-01,15:39:53,-07:00,2026-05-01T15:39:53-07:00,1,25
projects/projects.js,69,js,c2ca5f05,Anwesha Mohanty,2026-05-01,15:37:42,-07:00,2026-05-01T15:37:42-07:00,2,4
projects/projects.js,70,js,c2ca5f05,Anwesha Mohanty,2026-05-01,15:37:42,-07:00,2026-05-01T15:37:42-07:00,3,11
projects/projects.js,71,js,7d77c20d,Anwesha Mohanty,2026-05-01,15:39:53,-07:00,2026-05-01T15:39:53-07:00,3,36
projects/projects.js,72,js,7d77c20d,Anwesha Mohanty,2026-05-01,15:39:53,-07:00,2026-05-01T15:39:53-07:00,3,74
projects/projects.js,73,js,c2ca5f05,Anwesha Mohanty,2026-05-01,15:37:42,-07:00,2026-05-01T15:37:42-07:00,3,69
projects/projects.js,74,js,c2ca5f05,Anwesha Mohanty,2026-05-01,15:37:42,-07:00,2026-05-01T15:37:42-07:00,1,1
projects/projects.js,75,js,c2ca5f05,Anwesha Mohanty,2026-05-01,15:37:42,-07:00,2026-05-01T15:37:42-07:00,0,0
projects/projects.js,76,js,d13b2424,Anwesha Mohanty,2026-05-01,14:45:02,-07:00,2026-05-01T14:45:02-07:00,0,0
projects/projects.js,77,js,c2ca5f05,Anwesha Mohanty,2026-05-01,15:37:42,-07:00,2026-05-01T15:37:42-07:00,0,48
projects/projects.js,78,js,c2ca5f05,Anwesha Mohanty,2026-05-01,15:37:42,-07:00,2026-05-01T15:37:42-07:00,0,23
projects/projects.js,79,js,cae6d0be,Anwesha Mohanty,2026-05-01,15:33:13,-07:00,2026-05-01T15:33:13-07:00,0,0
projects/projects.js,80,js,cae6d0be,Anwesha Mohanty,2026-05-01,15:33:13,-07:00,2026-05-01T15:33:13-07:00,0,53
projects/projects.js,81,js,cae6d0be,Anwesha Mohanty,2026-05-01,15:33:13,-07:00,2026-05-01T15:33:13-07:00,0,0
projects/projects.js,82,js,cae6d0be,Anwesha Mohanty,2026-05-01,15:33:13,-07:00,2026-05-01T15:33:13-07:00,0,49
projects/projects.js,83,js,cae6d0be,Anwesha Mohanty,2026-05-01,15:33:13,-07:00,2026-05-01T15:33:13-07:00,1,25
projects/projects.js,84,js,99ec526c,Anwesha Mohanty,2026-05-01,15:34:48,-07:00,2026-05-01T15:34:48-07:00,0,0
projects/projects.js,85,js,1b2d286c,Anwesha Mohanty,2026-05-01,15:47:34,-07:00,2026-05-01T15:47:34-07:00,1,39
projects/projects.js,86,js,1b2d286c,Anwesha Mohanty,2026-05-01,15:47:34,-07:00,2026-05-01T15:47:34-07:00,1,35
projects/projects.js,87,js,1b2d286c,Anwesha Mohanty,2026-05-01,15:47:34,-07:00,2026-05-01T15:47:34-07:00,1,25
projects/projects.js,88,js,1b2d286c,Anwesha Mohanty,2026-05-01,15:47:34,-07:00,2026-05-01T15:47:34-07:00,2,25
projects/projects.js,89,js,1b2d286c,Anwesha Mohanty,2026-05-01,15:47:34,-07:00,2026-05-01T15:47:34-07:00,2,68
projects/projects.js,90,js,1b2d286c,Anwesha Mohanty,2026-05-01,15:47:34,-07:00,2026-05-01T15:47:34-07:00,3,55
projects/projects.js,91,js,1b2d286c,Anwesha Mohanty,2026-05-01,15:47:34,-07:00,2026-05-01T15:47:34-07:00,2,31
projects/projects.js,92,js,1b2d286c,Anwesha Mohanty,2026-05-01,15:47:34,-07:00,2026-05-01T15:47:34-07:00,3,76
projects/projects.js,93,js,1b2d286c,Anwesha Mohanty,2026-05-01,15:47:34,-07:00,2026-05-01T15:47:34-07:00,2,0
projects/projects.js,94,js,1b2d286c,Anwesha Mohanty,2026-05-01,15:47:34,-07:00,2026-05-01T15:47:34-07:00,1,0
projects/projects.js,95,js,99ec526c,Anwesha Mohanty,2026-05-01,15:34:48,-07:00,2026-05-01T15:34:48-07:00,0,0
projects/projects.js,96,js,1b2d286c,Anwesha Mohanty,2026-05-01,15:47:34,-07:00,2026-05-01T15:47:34-07:00,1,48
projects/projects.js,97,js,1b2d286c,Anwesha Mohanty,2026-05-01,15:47:34,-07:00,2026-05-01T15:47:34-07:00,1,36
projects/projects.js,98,js,cae6d0be,Anwesha Mohanty,2026-05-01,15:33:13,-07:00,2026-05-01T15:33:13-07:00,0,1
projects/index.html,1,html,4c3bbb6a,Anwesha Mohanty,2026-04-03,20:04:12,-07:00,2026-04-03T20:04:12-07:00,0,13
projects/index.html,2,html,34e072a7,Anwesha Mohanty,2026-04-24,23:46:12,-07:00,2026-04-24T23:46:12-07:00,0,14
projects/index.html,3,html,4c3bbb6a,Anwesha Mohanty,2026-04-03,20:04:12,-07:00,2026-04-03T20:04:12-07:00,0,4
projects/index.html,4,html,34e072a7,Anwesha Mohanty,2026-04-24,23:46:12,-07:00,2026-04-24T23:46:12-07:00,1,20
projects/index.html,5,html,34e072a7,Anwesha Mohanty,2026-04-24,23:46:12,-07:00,2026-04-24T23:46:12-07:00,1,68
projects/index.html,6,html,4c3bbb6a,Anwesha Mohanty,2026-04-03,20:04:12,-07:00,2026-04-03T20:04:12-07:00,1,21
projects/index.html,7,html,060a30aa,Anwesha Mohanty,2026-04-11,17:59:08,-07:00,2026-04-11T17:59:08-07:00,1,41
projects/index.html,8,html,f699f723,Anwesha Mohanty,2026-04-24,22:24:28,-07:00,2026-04-24T22:24:28-07:00,1,48
projects/index.html,9,html,f699f723,Anwesha Mohanty,2026-04-24,22:24:28,-07:00,2026-04-24T22:24:28-07:00,1,47
projects/index.html,10,html,4c3bbb6a,Anwesha Mohanty,2026-04-03,20:04:12,-07:00,2026-04-03T20:04:12-07:00,0,5
projects/index.html,11,html,4c3bbb6a,Anwesha Mohanty,2026-04-03,20:04:12,-07:00,2026-04-03T20:04:12-07:00,0,4
projects/index.html,12,html,313988ca,Anwesha Mohanty,2026-05-01,14:34:13,-07:00,2026-05-01T14:34:13-07:00,1,38
projects/index.html,13,html,e2d9b95a,Anwesha Mohanty,2026-05-01,15:43:46,-07:00,2026-05-01T15:43:46-07:00,1,21
projects/index.html,14,html,e2d9b95a,Anwesha Mohanty,2026-05-01,15:43:46,-07:00,2026-05-01T15:43:46-07:00,2,58
projects/index.html,15,html,e2d9b95a,Anwesha Mohanty,2026-05-01,15:43:46,-07:00,2026-05-01T15:43:46-07:00,2,22
projects/index.html,16,html,e2d9b95a,Anwesha Mohanty,2026-05-01,15:43:46,-07:00,2026-05-01T15:43:46-07:00,1,4
projects/index.html,17,html,e2d9b95a,Anwesha Mohanty,2026-05-01,15:43:46,-07:00,2026-05-01T15:43:46-07:00,1,4
projects/index.html,18,html,e2d9b95a,Anwesha Mohanty,2026-05-01,15:43:46,-07:00,2026-05-01T15:43:46-07:00,2,15
projects/index.html,19,html,e2d9b95a,Anwesha Mohanty,2026-05-01,15:43:46,-07:00,2026-05-01T15:43:46-07:00,2,11
projects/index.html,20,html,e2d9b95a,Anwesha Mohanty,2026-05-01,15:43:46,-07:00,2026-05-01T15:43:46-07:00,2,26
projects/index.html,21,html,e2d9b95a,Anwesha Mohanty,2026-05-01,15:43:46,-07:00,2026-05-01T15:43:46-07:00,2,31
projects/index.html,22,html,e2d9b95a,Anwesha Mohanty,2026-05-01,15:43:46,-07:00,2026-05-01T15:43:46-07:00,1,0
projects/index.html,23,html,e2d9b95a,Anwesha Mohanty,2026-05-01,15:43:46,-07:00,2026-05-01T15:43:46-07:00,1,26
projects/index.html,24,html,4c3bbb6a,Anwesha Mohanty,2026-04-03,20:04:12,-07:00,2026-04-03T20:04:12-07:00,0,5
projects/index.html,25,html,4c3bbb6a,Anwesha Mohanty,2026-04-03,20:04:12,-07:00,2026-04-03T20:04:12-07:00,0,5
meta/index.html,1,html,ea73676c,Anwesha Mohanty,2026-05-08,16:32:30,-07:00,2026-05-08T16:32:30-07:00,0,13
meta/index.html,2,html,ea73676c,Anwesha Mohanty,2026-05-08,16:32:30,-07:00,2026-05-08T16:32:30-07:00,0,14
meta/index.html,3,html,ea73676c,Anwesha Mohanty,2026-05-08,16:32:30,-07:00,2026-05-08T16:32:30-07:00,1,4
meta/index.html,4,html,ea73676c,Anwesha Mohanty,2026-05-08,16:32:30,-07:00,2026-05-08T16:32:30-07:00,2,20
meta/index.html,5,html,ea73676c,Anwesha Mohanty,2026-05-08,16:32:30,-07:00,2026-05-08T16:32:30-07:00,2,68
meta/index.html,6,html,ea73676c,Anwesha Mohanty,2026-05-08,16:32:30,-07:00,2026-05-08T16:32:30-07:00,2,41
meta/index.html,7,html,ea73676c,Anwesha Mohanty,2026-05-08,16:32:30,-07:00,2026-05-08T16:32:30-07:00,2,35
meta/index.html,8,html,ea73676c,Anwesha Mohanty,2026-05-08,16:32:30,-07:00,2026-05-08T16:32:30-07:00,2,48
meta/index.html,9,html,ea73676c,Anwesha Mohanty,2026-05-08,16:32:30,-07:00,2026-05-08T16:32:30-07:00,1,5
meta/index.html,10,html,ea73676c,Anwesha Mohanty,2026-05-08,16:32:30,-07:00,2026-05-08T16:32:30-07:00,1,4
meta/index.html,11,html,ea73676c,Anwesha Mohanty,2026-05-08,16:32:30,-07:00,2026-05-08T16:32:30-07:00,2,4
meta/index.html,12,html,ea73676c,Anwesha Mohanty,2026-05-08,16:32:30,-07:00,2026-05-08T16:32:30-07:00,3,11
meta/index.html,13,html,ea73676c,Anwesha Mohanty,2026-05-08,16:32:30,-07:00,2026-05-08T16:32:30-07:00,3,61
meta/index.html,14,html,ea73676c,Anwesha Mohanty,2026-05-08,16:32:30,-07:00,2026-05-08T16:32:30-07:00,2,5
meta/index.html,15,html,ea73676c,Anwesha Mohanty,2026-05-08,16:32:30,-07:00,2026-05-08T16:32:30-07:00,1,5
meta/index.html,16,html,ea73676c,Anwesha Mohanty,2026-05-08,16:32:30,-07:00,2026-05-08T16:32:30-07:00,0,5
contact/index.html,1,html,a214d211,Anwesha Mohanty,2026-04-03,19:59:48,-07:00,2026-04-03T19:59:48-07:00,0,13
contact/index.html,2,html,a214d211,Anwesha Mohanty,2026-04-03,19:59:48,-07:00,2026-04-03T19:59:48-07:00,0,4
contact/index.html,3,html,a214d211,Anwesha Mohanty,2026-04-03,19:59:48,-07:00,2026-04-03T19:59:48-07:00,0,4
contact/index.html,4,html,a214d211,Anwesha Mohanty,2026-04-03,19:59:48,-07:00,2026-04-03T19:59:48-07:00,2,20
contact/index.html,5,html,f787f702,Anwesha Mohanty,2026-04-11,18:49:03,-07:00,2026-04-11T18:49:03-07:00,2,41
contact/index.html,6,html,a214d211,Anwesha Mohanty,2026-04-03,19:59:48,-07:00,2026-04-03T19:59:48-07:00,0,5
contact/index.html,7,html,a214d211,Anwesha Mohanty,2026-04-03,19:59:48,-07:00,2026-04-03T19:59:48-07:00,0,4
contact/index.html,8,html,f9e3274b,Anwesha Mohanty,2026-04-11,20:58:56,-07:00,2026-04-11T20:58:56-07:00,2,14
contact/index.html,9,html,925a89d1,Anwesha Mohanty,2026-04-17,20:57:40,-07:00,2026-04-17T20:57:40-07:00,0,48
contact/index.html,10,html,222da4c7,Anwesha Mohanty,2026-04-03,20:49:31,-07:00,2026-04-03T20:49:31-07:00,2,5
contact/index.html,11,html,222da4c7,Anwesha Mohanty,2026-04-03,20:49:31,-07:00,2026-04-03T20:49:31-07:00,4,4
contact/index.html,12,html,222da4c7,Anwesha Mohanty,2026-04-03,20:49:31,-07:00,2026-04-03T20:49:31-07:00,4,31
contact/index.html,13,html,222da4c7,Anwesha Mohanty,2026-04-03,20:49:31,-07:00,2026-04-03T20:49:31-07:00,2,6
contact/index.html,14,html,222da4c7,Anwesha Mohanty,2026-04-03,20:49:31,-07:00,2026-04-03T20:49:31-07:00,2,5
contact/index.html,15,html,222da4c7,Anwesha Mohanty,2026-04-03,20:49:31,-07:00,2026-04-03T20:49:31-07:00,4,6
contact/index.html,16,html,222da4c7,Anwesha Mohanty,2026-04-03,20:49:31,-07:00,2026-04-03T20:49:31-07:00,4,20
contact/index.html,17,html,222da4c7,Anwesha Mohanty,2026-04-03,20:49:31,-07:00,2026-04-03T20:49:31-07:00,2,6
contact/index.html,18,html,222da4c7,Anwesha Mohanty,2026-04-03,20:49:31,-07:00,2026-04-03T20:49:31-07:00,2,5
contact/index.html,19,html,222da4c7,Anwesha Mohanty,2026-04-03,20:49:31,-07:00,2026-04-03T20:49:31-07:00,4,6
contact/index.html,20,html,222da4c7,Anwesha Mohanty,2026-04-03,20:49:31,-07:00,2026-04-03T20:49:31-07:00,4,31
contact/index.html,21,html,222da4c7,Anwesha Mohanty,2026-04-03,20:49:31,-07:00,2026-04-03T20:49:31-07:00,2,6
contact/index.html,22,html,222da4c7,Anwesha Mohanty,2026-04-03,20:49:31,-07:00,2026-04-03T20:49:31-07:00,2,21
contact/index.html,23,html,222da4c7,Anwesha Mohanty,2026-04-03,20:49:31,-07:00,2026-04-03T20:49:31-07:00,0,5
contact/index.html,24,html,202cb1b5,Anwesha Mohanty,2026-04-17,17:01:39,-07:00,2026-04-17T17:01:39-07:00,2,48
contact/index.html,25,html,a214d211,Anwesha Mohanty,2026-04-03,19:59:48,-07:00,2026-04-03T19:59:48-07:00,0,5
contact/index.html,26,html,a214d211,Anwesha Mohanty,2026-04-03,19:59:48,-07:00,2026-04-03T19:59:48-07:00,0,5
